order_id,user_id,product_id,order_date,status
O1000,U177,P309,2024-12-01,shipped
O1001,U177,P242,2024-07-03,returned
O1002,U195,P376,2024-11-16,cancelled
O1003,U191,P313,2024-10-24,delivered
O1004,U114,P289,2025-04-07,cancelled
O1005,U199,P314,2025-05-20,cancelled
O1006,U120,P210,2024-09-15,shipped
O1007,U139,P386,2025-06-16,delivered
O1008,U113,P290,2025-03-11,returned
O1009,U174,P357,2025-02-02,returned
O1010,U103,P311,2025-06-15,delivered
O1011,U139,P270,2025-02-11,shipped
O1012,U173,P363,2025-03-08,returned
O1013,U186,P214,2024-09-29,returned
O1014,U148,P219,2025-02-04,returned
O1015,U150,P371,2025-04-06,shipped
O1016,U191,P363,2024-11-09,returned
O1017,U125,P303,2024-09-15,returned
O1018,U109,P293,2024-10-21,cancelled
O1019,U175,P331,2024-09-23,shipped
O1020,U188,P391,2024-10-13,returned
O1021,U180,P373,2025-05-05,shipped
O1022,U131,P240,2024-09-11,shipped
O1023,U113,P207,2025-05-04,returned
O1024,U189,P236,2025-02-14,returned
O1025,U198,P355,2024-09-26,shipped
O1026,U138,P373,2024-12-26,shipped
O1027,U187,P312,2024-09-27,shipped
O1028,U176,P208,2025-06-10,cancelled
O1029,U115,P232,2024-11-18,delivered
O1030,U172,P217,2024-09-25,returned
O1031,U105,P260,2025-03-12,cancelled
O1032,U144,P399,2024-11-26,cancelled
O1033,U168,P365,2025-05-10,shipped
O1034,U154,P293,2024-08-01,delivered
O1035,U184,P292,2025-02-25,returned
O1036,U147,P298,2025-01-30,cancelled
O1037,U108,P345,2025-06-15,returned
O1038,U164,P208,2024-11-13,cancelled
O1039,U182,P354,2025-02-17,returned
O1040,U143,P239,2025-01-04,shipped
O1041,U101,P373,2025-05-18,shipped
O1042,U153,P315,2024-11-19,delivered
O1043,U162,P294,2025-05-02,shipped
O1044,U113,P295,2025-03-02,cancelled
O1045,U155,P313,2025-03-16,cancelled
O1046,U146,P395,2024-09-03,cancelled
O1047,U181,P219,2024-07-14,cancelled
O1048,U158,P346,2025-01-03,shipped
O1049,U190,P235,2024-07-03,shipped
O1050,U119,P335,2024-08-23,delivered
O1051,U155,P293,2024-08-12,returned
O1052,U122,P301,2024-11-24,delivered
O1053,U193,P280,2025-04-08,returned
O1054,U166,P366,2024-08-20,shipped
O1055,U183,P271,2025-04-21,cancelled
O1056,U134,P263,2025-03-18,delivered
O1057,U178,P229,2025-03-18,delivered
O1058,U168,P206,2025-06-01,shipped
O1059,U199,P388,2024-09-13,returned
O1060,U161,P247,2025-01-03,delivered
O1061,U159,P327,2024-10-02,returned
O1062,U155,P332,2025-02-08,delivered
O1063,U193,P299,2024-08-30,cancelled
O1064,U175,P343,2024-09-29,shipped
O1065,U134,P230,2025-04-06,returned
O1066,U141,P267,2025-01-17,shipped
O1067,U131,P398,2024-07-06,shipped
O1068,U111,P266,2025-02-02,returned
O1069,U135,P380,2025-02-03,returned
O1070,U157,P314,2024-09-11,delivered
O1071,U131,P254,2025-02-15,returned
O1072,U196,P356,2024-10-11,shipped
O1073,U159,P273,2024-07-19,shipped
O1074,U172,P377,2025-05-14,returned
O1075,U178,P325,2025-04-23,returned
O1076,U185,P251,2024-12-03,delivered
O1077,U148,P231,2025-06-01,delivered
O1078,U143,P234,2025-02-10,delivered
O1079,U103,P218,2024-07-31,shipped
O1080,U163,P315,2025-04-28,returned
O1081,U141,P244,2024-07-07,cancelled
O1082,U123,P382,2025-04-25,returned
O1083,U162,P313,2025-02-24,returned
O1084,U127,P222,2025-04-18,delivered
O1085,U145,P374,2024-07-02,cancelled
O1086,U133,P281,2025-01-18,returned
O1087,U143,P370,2025-02-25,cancelled
O1088,U135,P288,2024-07-20,cancelled
O1089,U176,P381,2024-12-12,returned
O1090,U189,P216,2024-10-24,delivered
O1091,U135,P340,2025-04-20,delivered
O1092,U171,P338,2024-09-09,returned
O1093,U101,P274,2024-08-12,cancelled
O1094,U166,P276,2025-02-14,cancelled
O1095,U124,P240,2024-08-14,delivered
O1096,U110,P382,2024-12-01,delivered
O1097,U130,P381,2024-12-21,delivered
O1098,U192,P379,2024-11-12,cancelled
O1099,U152,P363,2025-05-24,cancelled
O1100,U162,P244,2024-08-11,delivered
O1101,U171,P292,2025-05-15,delivered
O1102,U197,P330,2024-12-07,cancelled
O1103,U130,P257,2024-10-11,shipped
O1104,U188,P231,2025-02-09,cancelled
O1105,U160,P251,2024-07-11,returned
O1106,U182,P235,2024-12-25,returned
O1107,U191,P260,2024-11-11,cancelled
O1108,U162,P326,2024-10-25,returned
O1109,U157,P206,2025-01-15,shipped
O1110,U102,P292,2024-09-07,shipped
O1111,U111,P341,2025-06-30,shipped
O1112,U137,P346,2025-05-15,returned
O1113,U128,P294,2024-11-09,delivered
O1114,U151,P319,2024-08-10,shipped
O1115,U188,P341,2024-07-26,shipped
O1116,U131,P233,2024-07-09,delivered
O1117,U139,P356,2024-12-30,cancelled
O1118,U184,P222,2025-05-30,delivered
O1119,U174,P216,2024-10-01,cancelled
O1120,U147,P279,2024-12-10,cancelled
O1121,U160,P301,2025-03-12,delivered
O1122,U170,P383,2024-11-24,shipped
O1123,U167,P384,2025-03-15,cancelled
O1124,U144,P322,2024-10-21,delivered
O1125,U154,P334,2025-02-14,shipped
O1126,U195,P305,2025-01-17,cancelled
O1127,U170,P396,2025-02-06,returned
O1128,U142,P304,2025-01-10,shipped
O1129,U145,P347,2024-09-24,delivered
O1130,U189,P218,2024-09-09,returned
O1131,U158,P232,2025-04-26,delivered
O1132,U134,P281,2024-09-15,cancelled
O1133,U139,P364,2024-10-26,shipped
O1134,U132,P218,2025-01-07,returned
O1135,U129,P315,2024-07-17,returned
O1136,U115,P319,2025-06-07,returned
O1137,U192,P374,2025-06-08,cancelled
O1138,U124,P332,2025-05-12,shipped
O1139,U140,P288,2024-08-15,shipped
O1140,U115,P232,2024-11-08,cancelled
O1141,U195,P399,2025-06-23,delivered
O1142,U168,P341,2025-04-29,returned
O1143,U197,P363,2025-04-12,delivered
O1144,U188,P350,2024-11-18,cancelled
O1145,U123,P246,2024-11-10,delivered
O1146,U124,P396,2025-07-01,delivered
O1147,U127,P233,2024-11-24,cancelled
O1148,U194,P310,2025-03-20,returned
O1149,U161,P328,2024-07-14,delivered
O1150,U135,P214,2025-04-25,shipped
O1151,U192,P231,2024-08-03,delivered
O1152,U175,P332,2025-01-28,delivered
O1153,U197,P239,2025-04-11,shipped
O1154,U167,P277,2025-02-11,returned
O1155,U176,P242,2025-05-15,shipped
O1156,U136,P241,2024-07-31,returned
O1157,U112,P282,2024-12-29,cancelled
O1158,U124,P381,2025-02-23,cancelled
O1159,U137,P257,2025-05-20,delivered
O1160,U129,P288,2024-12-23,delivered
O1161,U146,P332,2024-07-26,cancelled
O1162,U122,P272,2024-08-03,shipped
O1163,U138,P220,2025-04-08,cancelled
O1164,U101,P264,2025-06-05,returned
O1165,U190,P250,2024-12-11,delivered
O1166,U168,P362,2024-08-15,shipped
O1167,U116,P341,2025-01-26,delivered
O1168,U135,P270,2024-07-08,cancelled
O1169,U105,P232,2025-03-04,shipped
O1170,U106,P360,2024-11-24,cancelled
O1171,U170,P277,2024-07-31,returned
O1172,U137,P357,2025-05-16,cancelled
O1173,U189,P336,2024-07-06,shipped
O1174,U116,P223,2025-05-14,cancelled
O1175,U181,P328,2025-07-01,delivered
O1176,U196,P364,2025-03-14,delivered
O1177,U162,P243,2024-10-30,shipped
O1178,U113,P351,2025-05-23,delivered
O1179,U101,P348,2025-04-25,returned
O1180,U173,P239,2024-09-01,returned
O1181,U136,P243,2025-03-08,shipped
O1182,U160,P368,2024-10-09,cancelled
O1183,U161,P359,2024-07-18,delivered
O1184,U156,P384,2024-11-16,delivered
O1185,U143,P354,2025-06-27,cancelled
O1186,U123,P286,2025-06-27,cancelled
O1187,U106,P344,2024-07-10,cancelled
O1188,U132,P210,2025-01-07,cancelled
O1189,U161,P207,2025-05-01,delivered
O1190,U114,P220,2024-11-27,returned
O1191,U108,P211,2024-07-11,shipped
O1192,U151,P364,2025-04-25,shipped
O1193,U162,P397,2024-10-30,cancelled
O1194,U109,P347,2025-05-26,returned
O1195,U173,P267,2025-03-06,delivered
O1196,U180,P366,2024-12-17,delivered
O1197,U187,P253,2025-05-17,shipped
O1198,U106,P396,2025-05-10,cancelled
O1199,U119,P346,2025-05-10,returned
O1200,U119,P306,2025-01-22,shipped
O1201,U172,P358,2024-12-25,returned
O1202,U138,P363,2025-01-29,cancelled
O1203,U110,P207,2025-04-22,cancelled
O1204,U131,P327,2024-12-18,shipped
O1205,U115,P360,2025-04-24,cancelled
O1206,U171,P339,2024-08-07,returned
O1207,U197,P274,2024-07-20,returned
O1208,U153,P364,2025-04-19,shipped
O1209,U177,P277,2025-05-27,cancelled
O1210,U176,P323,2024-10-03,delivered
O1211,U179,P262,2024-09-16,cancelled
O1212,U128,P375,2025-06-27,shipped
O1213,U199,P303,2024-08-23,shipped
O1214,U166,P276,2024-08-03,delivered
O1215,U148,P316,2025-04-08,shipped
O1216,U157,P218,2024-11-18,shipped
O1217,U156,P376,2025-01-03,delivered
O1218,U138,P215,2025-03-14,delivered
O1219,U175,P240,2024-08-14,returned
O1220,U154,P312,2025-04-15,shipped
O1221,U139,P306,2024-12-03,delivered
O1222,U172,P323,2024-08-20,returned
O1223,U179,P318,2024-07-15,shipped
O1224,U107,P252,2024-11-17,delivered
O1225,U178,P287,2025-03-12,shipped
O1226,U194,P355,2025-05-18,returned
O1227,U112,P236,2025-05-11,cancelled
O1228,U197,P280,2025-04-21,shipped
O1229,U126,P383,2025-04-29,shipped
O1230,U180,P281,2024-09-03,shipped
O1231,U127,P387,2024-12-17,shipped
O1232,U133,P288,2025-01-03,delivered
O1233,U184,P302,2024-11-24,cancelled
O1234,U110,P233,2025-01-21,shipped
O1235,U120,P394,2025-04-21,delivered
O1236,U130,P294,2025-02-25,cancelled
O1237,U122,P331,2025-02-10,returned
O1238,U170,P343,2024-08-05,returned
O1239,U109,P227,2025-05-19,returned
O1240,U120,P281,2025-02-24,returned
O1241,U100,P261,2024-09-21,returned
O1242,U152,P319,2024-08-28,cancelled
O1243,U157,P231,2024-08-28,shipped
O1244,U188,P268,2024-08-24,returned
O1245,U176,P315,2025-02-06,shipped
O1246,U160,P263,2024-07-13,shipped
O1247,U137,P236,2025-06-18,shipped
O1248,U104,P224,2024-07-29,shipped
O1249,U129,P212,2025-01-28,shipped
O1250,U136,P274,2025-03-18,cancelled
O1251,U190,P298,2024-10-09,shipped
O1252,U136,P357,2024-08-25,cancelled
O1253,U189,P307,2024-10-14,cancelled
O1254,U158,P263,2025-03-27,shipped
O1255,U109,P240,2024-12-13,cancelled
O1256,U187,P283,2025-01-31,returned
O1257,U129,P347,2024-08-05,returned
O1258,U133,P384,2025-06-04,returned
O1259,U180,P280,2025-03-01,shipped
O1260,U175,P248,2024-10-21,returned
O1261,U184,P395,2024-12-16,delivered
O1262,U125,P240,2025-05-05,delivered
O1263,U154,P327,2025-02-28,delivered
O1264,U114,P331,2024-10-19,returned
O1265,U169,P319,2024-08-09,cancelled
O1266,U128,P327,2024-08-31,delivered
O1267,U182,P278,2025-05-26,cancelled
O1268,U119,P327,2024-10-04,cancelled
O1269,U134,P205,2025-06-25,shipped
O1270,U118,P223,2024-12-29,delivered
O1271,U109,P300,2025-01-20,shipped
O1272,U107,P329,2025-04-25,shipped
O1273,U121,P317,2024-12-15,shipped
O1274,U139,P261,2024-09-13,returned
O1275,U176,P255,2024-11-28,shipped
O1276,U195,P349,2024-12-26,cancelled
O1277,U172,P290,2024-09-25,delivered
O1278,U136,P212,2024-07-17,cancelled
O1279,U156,P212,2025-04-04,delivered
O1280,U115,P272,2024-11-02,returned
O1281,U159,P326,2025-05-25,delivered
O1282,U188,P352,2025-06-23,delivered
O1283,U138,P367,2024-09-04,delivered
O1284,U189,P372,2025-05-28,delivered
O1285,U151,P320,2025-06-24,cancelled
O1286,U134,P273,2025-02-17,delivered
O1287,U164,P337,2025-03-13,shipped
O1288,U169,P202,2025-06-11,delivered
O1289,U163,P227,2025-06-01,shipped
O1290,U156,P310,2024-12-10,returned
O1291,U110,P234,2024-10-15,shipped
O1292,U176,P267,2025-02-05,cancelled
O1293,U105,P386,2024-08-14,shipped
O1294,U155,P293,2024-07-02,cancelled
O1295,U194,P395,2024-10-18,shipped
O1296,U141,P303,2024-12-01,delivered
O1297,U177,P293,2024-11-27,returned
O1298,U132,P211,2024-07-07,cancelled
O1299,U103,P302,2024-12-08,cancelled
O1300,U111,P213,2025-05-20,delivered
O1301,U129,P345,2024-08-08,delivered
O1302,U186,P343,2024-09-30,shipped
O1303,U173,P249,2024-09-29,cancelled
O1304,U175,P292,2024-08-20,shipped
O1305,U102,P341,2025-04-14,delivered
O1306,U197,P273,2025-02-09,cancelled
O1307,U186,P218,2025-05-20,returned
O1308,U134,P298,2025-01-24,returned
O1309,U173,P329,2025-05-22,cancelled
O1310,U105,P315,2024-10-13,cancelled
O1311,U197,P395,2025-03-19,delivered
O1312,U196,P340,2025-04-13,cancelled
O1313,U122,P271,2024-09-30,cancelled
O1314,U160,P359,2025-01-15,returned
O1315,U166,P374,2024-12-13,delivered
O1316,U183,P356,2024-09-04,shipped
O1317,U156,P230,2024-08-11,cancelled
O1318,U135,P232,2024-08-03,delivered
O1319,U123,P224,2024-07-18,delivered
O1320,U174,P300,2024-08-06,returned
O1321,U155,P295,2025-05-29,cancelled
O1322,U181,P286,2025-01-24,cancelled
O1323,U162,P342,2024-07-09,delivered
O1324,U111,P293,2024-11-20,cancelled
O1325,U160,P393,2025-03-01,returned
O1326,U144,P236,2025-06-02,returned
O1327,U152,P250,2025-02-26,returned
O1328,U142,P354,2025-05-18,cancelled
O1329,U141,P330,2024-11-21,cancelled
O1330,U185,P302,2025-05-03,returned
O1331,U113,P328,2024-11-11,shipped
O1332,U120,P210,2024-08-22,delivered
O1333,U142,P211,2024-08-24,shipped
O1334,U152,P209,2025-06-03,cancelled
O1335,U188,P235,2025-01-24,delivered
O1336,U163,P382,2024-07-25,delivered
O1337,U136,P285,2024-07-30,cancelled
O1338,U184,P321,2025-04-03,shipped
O1339,U151,P332,2025-05-01,shipped
O1340,U197,P316,2025-06-25,shipped
O1341,U170,P238,2024-07-04,shipped
O1342,U104,P355,2025-04-22,returned
O1343,U158,P331,2024-07-07,delivered
O1344,U111,P235,2025-06-26,shipped
O1345,U140,P283,2025-04-09,cancelled
O1346,U132,P356,2024-10-20,returned
O1347,U141,P281,2025-01-05,delivered
O1348,U114,P241,2024-10-07,cancelled
O1349,U198,P300,2024-10-10,returned
O1350,U151,P357,2025-02-19,delivered
O1351,U165,P389,2025-04-07,cancelled
O1352,U100,P276,2024-12-23,delivered
O1353,U184,P351,2025-04-28,returned
O1354,U169,P286,2025-02-14,shipped
O1355,U159,P329,2025-05-02,returned
O1356,U152,P330,2025-06-16,cancelled
O1357,U106,P336,2025-01-11,shipped
O1358,U124,P325,2024-11-24,delivered
O1359,U166,P381,2025-02-12,delivered
O1360,U146,P344,2024-10-06,delivered
O1361,U179,P276,2025-05-30,returned
O1362,U196,P321,2025-02-17,delivered
O1363,U163,P204,2024-07-02,delivered
O1364,U180,P294,2024-09-09,delivered
O1365,U156,P284,2024-08-14,returned
O1366,U197,P372,2025-05-23,cancelled
O1367,U106,P228,2024-10-20,shipped
O1368,U126,P306,2024-11-10,delivered
O1369,U134,P349,2024-10-13,returned
O1370,U170,P278,2024-12-29,delivered
O1371,U116,P385,2025-06-03,shipped
O1372,U136,P376,2024-10-19,cancelled
O1373,U156,P361,2024-09-14,cancelled
O1374,U189,P206,2025-04-07,delivered
O1375,U162,P352,2024-12-25,shipped
O1376,U115,P321,2025-04-12,delivered
O1377,U103,P267,2025-02-21,cancelled
O1378,U180,P367,2025-05-10,returned
O1379,U177,P398,2024-09-11,returned
O1380,U130,P348,2024-07-21,returned
O1381,U190,P347,2025-05-03,shipped
O1382,U120,P258,2025-03-07,shipped
O1383,U139,P384,2024-10-14,cancelled
O1384,U170,P213,2025-06-30,shipped
O1385,U101,P349,2025-06-09,cancelled
O1386,U170,P322,2025-06-25,cancelled
O1387,U152,P243,2025-02-26,delivered
O1388,U111,P334,2025-06-08,returned
O1389,U128,P361,2024-11-02,returned
O1390,U114,P384,2024-12-27,cancelled
O1391,U159,P358,2024-12-17,shipped
O1392,U115,P398,2025-04-16,cancelled
O1393,U182,P297,2025-04-01,returned
O1394,U119,P237,2025-06-13,delivered
O1395,U163,P374,2024-09-21,returned
O1396,U191,P262,2024-07-31,cancelled
O1397,U137,P208,2024-11-29,cancelled
O1398,U165,P346,2025-03-09,returned
O1399,U190,P379,2025-01-18,returned
O1400,U134,P228,2025-02-24,shipped
O1401,U153,P248,2024-11-30,delivered
O1402,U161,P204,2025-01-19,returned
O1403,U160,P312,2025-02-13,delivered
O1404,U131,P280,2025-05-23,delivered
O1405,U158,P307,2024-09-12,shipped
O1406,U170,P238,2024-12-23,cancelled
O1407,U118,P305,2025-05-01,delivered
O1408,U149,P376,2024-10-17,delivered
O1409,U124,P252,2024-07-22,delivered
O1410,U176,P305,2025-06-05,delivered
O1411,U165,P328,2025-04-01,cancelled
O1412,U195,P398,2025-03-09,shipped
O1413,U117,P356,2024-10-10,delivered
O1414,U108,P320,2025-06-08,returned
O1415,U135,P388,2024-12-08,cancelled
O1416,U198,P386,2025-05-27,shipped
O1417,U153,P215,2024-11-05,returned
O1418,U143,P380,2025-02-07,returned
O1419,U164,P235,2025-01-23,returned
O1420,U134,P332,2025-01-15,delivered
O1421,U100,P253,2025-05-18,delivered
O1422,U136,P343,2024-09-21,returned
O1423,U192,P283,2024-11-10,shipped
O1424,U138,P369,2025-06-27,delivered
O1425,U175,P322,2024-12-25,shipped
O1426,U174,P334,2025-03-21,delivered
O1427,U184,P296,2025-02-02,delivered
O1428,U162,P280,2024-09-16,delivered
O1429,U119,P244,2025-01-27,shipped
O1430,U157,P317,2024-08-17,delivered
O1431,U168,P336,2025-02-27,shipped
O1432,U161,P287,2024-11-06,delivered
O1433,U144,P339,2024-12-25,cancelled
O1434,U142,P290,2024-09-02,delivered
O1435,U170,P373,2024-10-22,returned
O1436,U197,P397,2025-03-23,shipped
O1437,U169,P384,2024-09-25,cancelled
O1438,U148,P374,2025-02-26,shipped
O1439,U158,P364,2025-04-15,delivered
O1440,U141,P377,2025-06-28,returned
O1441,U124,P267,2024-12-04,returned
O1442,U189,P356,2025-06-19,returned
O1443,U130,P323,2025-03-04,delivered
O1444,U173,P249,2024-09-27,delivered
O1445,U149,P263,2025-01-05,returned
O1446,U129,P271,2024-08-10,delivered
O1447,U199,P342,2024-07-11,delivered
O1448,U152,P276,2025-06-27,cancelled
O1449,U105,P257,2025-01-11,delivered
O1450,U140,P276,2025-07-01,cancelled
O1451,U195,P397,2024-07-30,returned
O1452,U160,P273,2024-12-21,shipped
O1453,U190,P380,2025-01-25,delivered
O1454,U148,P253,2025-05-09,returned
O1455,U149,P376,2025-03-18,returned
O1456,U184,P380,2024-10-03,delivered
O1457,U183,P325,2025-03-02,shipped
O1458,U119,P281,2024-11-29,shipped
O1459,U163,P322,2024-10-23,delivered
O1460,U104,P289,2025-06-01,returned
O1461,U116,P343,2025-04-20,delivered
O1462,U164,P384,2024-07-02,shipped
O1463,U175,P270,2025-02-08,delivered
O1464,U142,P273,2025-05-15,returned
O1465,U112,P231,2025-06-09,shipped
O1466,U156,P346,2025-03-05,shipped
O1467,U112,P373,2024-10-08,shipped
O1468,U167,P339,2024-12-02,returned
O1469,U158,P297,2024-07-08,delivered
O1470,U101,P301,2024-12-23,shipped
O1471,U192,P288,2024-11-09,returned
O1472,U118,P397,2025-05-19,returned
O1473,U152,P237,2024-09-07,cancelled
O1474,U183,P274,2025-05-14,shipped
O1475,U119,P210,2024-10-16,returned
O1476,U109,P273,2025-04-24,delivered
O1477,U160,P382,2024-08-09,returned
O1478,U133,P220,2024-12-12,returned
O1479,U143,P288,2025-05-24,cancelled
O1480,U179,P313,2024-09-01,shipped
O1481,U188,P367,2024-09-14,returned
O1482,U150,P265,2025-05-31,delivered
O1483,U183,P391,2024-11-21,cancelled
O1484,U110,P322,2024-07-27,returned
O1485,U142,P254,2025-04-26,delivered
O1486,U186,P251,2025-03-02,shipped
O1487,U168,P337,2025-02-02,cancelled
O1488,U148,P269,2025-02-18,returned
O1489,U140,P343,2025-01-21,cancelled
O1490,U180,P378,2024-12-12,delivered
O1491,U191,P269,2024-07-08,shipped
O1492,U197,P235,2025-01-15,shipped
O1493,U162,P227,2025-01-20,shipped
O1494,U169,P357,2024-11-12,shipped
O1495,U104,P389,2025-02-12,returned
O1496,U179,P350,2025-03-04,delivered
O1497,U108,P261,2025-05-24,cancelled
O1498,U130,P262,2025-03-20,returned
O1499,U180,P212,2025-04-23,cancelled
O1500,U187,P371,2024-09-05,shipped
O1501,U136,P335,2025-05-07,delivered
O1502,U129,P257,2025-04-13,returned
O1503,U195,P363,2025-05-08,cancelled
O1504,U111,P259,2025-04-08,cancelled
O1505,U155,P213,2024-11-13,returned
O1506,U112,P225,2024-11-05,cancelled
O1507,U197,P305,2025-01-22,cancelled
O1508,U181,P284,2024-12-05,returned
O1509,U190,P383,2025-05-01,delivered
O1510,U112,P320,2024-09-30,returned
O1511,U156,P225,2024-12-30,returned
O1512,U121,P374,2025-03-17,delivered
O1513,U188,P397,2024-11-12,cancelled
O1514,U138,P235,2025-01-25,returned
O1515,U103,P201,2024-11-06,cancelled
O1516,U105,P340,2025-02-16,cancelled
O1517,U141,P240,2025-05-01,cancelled
O1518,U107,P304,2025-05-16,returned
O1519,U137,P367,2025-04-12,delivered
O1520,U145,P321,2024-07-15,shipped
O1521,U147,P322,2025-01-27,delivered
O1522,U155,P366,2024-07-06,returned
O1523,U118,P251,2024-07-10,delivered
O1524,U131,P393,2024-08-27,shipped
O1525,U167,P273,2025-06-11,delivered
O1526,U152,P282,2025-03-13,returned
O1527,U172,P273,2025-01-15,cancelled
O1528,U187,P365,2025-04-17,shipped
O1529,U123,P215,2025-05-16,delivered
O1530,U121,P396,2024-07-02,returned
O1531,U122,P222,2025-02-24,shipped
O1532,U110,P366,2024-12-31,shipped
O1533,U178,P346,2024-12-11,delivered
O1534,U148,P259,2024-10-12,returned
O1535,U179,P336,2025-06-06,returned
O1536,U187,P389,2024-07-20,shipped
O1537,U130,P385,2025-01-29,shipped
O1538,U163,P209,2025-02-18,cancelled
O1539,U174,P244,2025-04-03,delivered
O1540,U118,P306,2025-06-16,cancelled
O1541,U129,P245,2024-12-06,shipped
O1542,U159,P209,2024-11-12,shipped
O1543,U181,P301,2024-09-20,returned
O1544,U132,P326,2024-09-23,returned
O1545,U158,P247,2025-02-24,cancelled
O1546,U132,P391,2025-05-14,shipped
O1547,U185,P274,2024-11-07,delivered
O1548,U101,P209,2025-05-10,returned
O1549,U159,P202,2025-04-21,returned
O1550,U136,P276,2025-04-30,shipped
O1551,U186,P345,2025-06-25,delivered
O1552,U169,P354,2025-05-31,cancelled
O1553,U120,P227,2025-03-10,delivered
O1554,U109,P285,2025-04-26,shipped
O1555,U156,P272,2025-03-22,delivered
O1556,U144,P316,2024-12-08,delivered
O1557,U175,P364,2024-12-23,shipped
O1558,U138,P339,2024-07-15,cancelled
O1559,U181,P334,2024-08-13,delivered
O1560,U154,P326,2024-08-05,shipped
O1561,U188,P234,2025-05-19,delivered
O1562,U132,P329,2024-09-06,shipped
O1563,U158,P319,2024-09-04,cancelled
O1564,U138,P269,2025-02-19,returned
O1565,U125,P249,2025-05-24,cancelled
O1566,U149,P228,2025-06-20,returned
O1567,U161,P284,2025-05-29,returned
O1568,U113,P241,2025-03-22,delivered
O1569,U130,P387,2024-08-05,shipped
O1570,U148,P317,2024-11-16,shipped
O1571,U173,P365,2025-04-27,shipped
O1572,U145,P265,2025-05-15,cancelled
O1573,U173,P383,2025-01-13,cancelled
O1574,U137,P247,2025-04-30,cancelled
O1575,U189,P203,2025-06-10,cancelled
O1576,U137,P388,2024-11-07,delivered
O1577,U102,P286,2025-06-06,delivered
O1578,U184,P275,2025-04-06,returned
O1579,U150,P345,2024-09-11,returned
O1580,U135,P372,2024-11-22,shipped
O1581,U101,P393,2024-12-11,cancelled
O1582,U172,P249,2024-10-20,delivered
O1583,U187,P244,2025-06-16,returned
O1584,U199,P356,2024-12-18,shipped
O1585,U195,P363,2024-07-17,shipped
O1586,U106,P303,2024-11-25,cancelled
O1587,U177,P309,2025-04-04,cancelled
O1588,U195,P331,2025-01-01,shipped
O1589,U163,P283,2025-03-14,cancelled
O1590,U136,P222,2025-03-28,cancelled
O1591,U199,P302,2025-02-11,returned
O1592,U129,P371,2025-02-08,returned
O1593,U177,P224,2024-11-15,returned
O1594,U145,P247,2025-04-16,delivered
O1595,U128,P235,2025-06-14,cancelled
O1596,U181,P322,2024-08-21,returned
O1597,U124,P282,2024-08-18,returned
O1598,U179,P263,2024-08-20,shipped
O1599,U132,P201,2025-02-26,returned
O1600,U186,P266,2024-08-04,shipped
O1601,U196,P298,2025-01-31,cancelled
O1602,U192,P260,2024-10-19,shipped
O1603,U198,P314,2024-12-03,returned
O1604,U184,P392,2024-09-23,delivered
O1605,U187,P268,2024-10-29,delivered
O1606,U117,P284,2025-05-31,cancelled
O1607,U180,P277,2025-05-18,returned
O1608,U112,P349,2025-02-08,cancelled
O1609,U180,P385,2024-12-17,shipped
O1610,U182,P346,2025-04-22,cancelled
O1611,U105,P202,2024-11-29,delivered
O1612,U139,P266,2025-03-21,cancelled
O1613,U156,P367,2024-08-06,shipped
O1614,U104,P292,2024-10-05,returned
O1615,U174,P377,2025-02-24,cancelled
O1616,U146,P260,2024-08-13,shipped
O1617,U193,P215,2024-09-26,delivered
O1618,U116,P370,2025-06-22,returned
O1619,U111,P230,2024-12-18,cancelled
O1620,U137,P319,2024-12-30,cancelled
O1621,U141,P278,2024-10-29,delivered
O1622,U195,P240,2024-09-26,cancelled
O1623,U153,P303,2024-10-26,delivered
O1624,U122,P375,2025-01-06,delivered
O1625,U125,P328,2024-09-15,returned
O1626,U116,P380,2024-10-17,delivered
O1627,U169,P397,2025-01-18,delivered
O1628,U146,P279,2024-12-15,delivered
O1629,U167,P376,2025-02-13,cancelled
O1630,U164,P230,2025-03-31,delivered
O1631,U134,P363,2025-06-18,delivered
O1632,U121,P275,2025-01-19,delivered
O1633,U132,P294,2024-08-30,delivered
O1634,U161,P357,2025-03-11,cancelled
O1635,U137,P256,2025-06-16,delivered
O1636,U195,P256,2025-02-08,shipped
O1637,U143,P234,2025-06-02,shipped
O1638,U114,P322,2024-11-02,shipped
O1639,U159,P239,2024-10-03,returned
O1640,U109,P316,2024-12-30,shipped
O1641,U118,P391,2024-09-05,shipped
O1642,U196,P355,2025-03-04,returned
O1643,U128,P295,2025-04-11,cancelled
O1644,U186,P306,2025-05-11,cancelled
O1645,U192,P379,2025-02-25,returned
O1646,U186,P340,2024-07-30,cancelled
O1647,U150,P320,2025-02-28,returned
O1648,U171,P393,2025-02-15,delivered
O1649,U146,P337,2024-10-01,cancelled
O1650,U111,P370,2025-06-03,returned
O1651,U150,P255,2025-03-11,delivered
O1652,U101,P395,2024-09-10,delivered
O1653,U133,P263,2024-12-15,shipped
O1654,U168,P374,2025-01-01,returned
O1655,U115,P393,2025-04-04,returned
O1656,U158,P352,2025-04-02,shipped
O1657,U147,P220,2025-03-02,cancelled
O1658,U186,P334,2024-09-01,returned
O1659,U195,P314,2025-01-20,delivered
O1660,U186,P335,2024-07-09,returned
O1661,U133,P380,2024-12-30,shipped
O1662,U174,P292,2024-09-02,returned
O1663,U148,P219,2025-06-17,cancelled
O1664,U181,P344,2024-07-06,shipped
O1665,U147,P228,2024-07-08,shipped
O1666,U113,P215,2025-01-02,delivered
O1667,U186,P340,2024-09-14,returned
O1668,U129,P329,2024-09-16,shipped
O1669,U160,P251,2025-04-20,cancelled
O1670,U103,P346,2024-09-16,cancelled
O1671,U179,P337,2025-03-27,cancelled
O1672,U171,P238,2024-10-22,delivered
O1673,U141,P242,2024-09-27,cancelled
O1674,U178,P283,2025-01-24,delivered
O1675,U128,P333,2025-04-03,cancelled
O1676,U182,P313,2024-10-23,returned
O1677,U108,P229,2025-06-12,cancelled
O1678,U181,P374,2025-05-16,cancelled
O1679,U159,P252,2025-06-03,delivered
O1680,U189,P383,2025-03-04,returned
O1681,U138,P349,2024-08-27,returned
O1682,U183,P325,2025-03-11,delivered
O1683,U152,P223,2025-06-21,returned
O1684,U114,P330,2024-10-05,cancelled
O1685,U117,P314,2024-10-30,cancelled
O1686,U105,P214,2025-07-01,returned
O1687,U104,P316,2025-01-13,cancelled
O1688,U138,P233,2024-08-21,returned
O1689,U163,P331,2025-03-20,delivered
O1690,U114,P306,2025-04-26,delivered
O1691,U112,P316,2025-01-08,delivered
O1692,U130,P344,2025-04-02,shipped
O1693,U168,P214,2025-01-17,cancelled
O1694,U117,P343,2025-06-01,delivered
O1695,U149,P318,2025-06-20,returned
O1696,U158,P372,2025-04-17,returned
O1697,U147,P278,2024-09-04,delivered
O1698,U185,P385,2024-07-06,delivered
O1699,U195,P205,2025-04-20,delivered
O1700,U189,P301,2025-05-06,returned
O1701,U169,P265,2024-10-05,shipped
O1702,U153,P200,2024-12-27,delivered
O1703,U175,P390,2025-05-25,returned
O1704,U195,P255,2024-12-22,returned
O1705,U193,P348,2024-07-06,delivered
O1706,U119,P218,2024-07-27,cancelled
O1707,U153,P211,2024-12-11,returned
O1708,U183,P308,2024-09-04,cancelled
O1709,U112,P288,2025-05-11,cancelled
O1710,U162,P379,2025-01-10,shipped
O1711,U178,P216,2025-01-28,returned
O1712,U152,P338,2025-01-17,shipped
O1713,U135,P215,2025-04-23,delivered
O1714,U104,P217,2025-04-12,shipped
O1715,U188,P320,2024-11-20,delivered
O1716,U147,P208,2024-08-08,cancelled
O1717,U127,P273,2024-10-25,returned
O1718,U156,P304,2024-08-03,shipped
O1719,U156,P246,2025-01-20,returned
O1720,U130,P396,2025-04-03,cancelled
O1721,U146,P234,2024-07-04,cancelled
O1722,U112,P396,2024-09-17,cancelled
O1723,U187,P364,2024-07-11,cancelled
O1724,U147,P386,2024-08-21,cancelled
O1725,U169,P365,2024-12-31,cancelled
O1726,U182,P307,2025-03-09,shipped
O1727,U145,P295,2024-07-26,returned
O1728,U107,P297,2024-09-03,shipped
O1729,U150,P314,2025-04-03,cancelled
O1730,U135,P296,2024-12-20,delivered
O1731,U124,P296,2025-01-25,delivered
O1732,U115,P220,2024-07-14,cancelled
O1733,U158,P374,2025-02-01,cancelled
O1734,U111,P369,2025-04-27,cancelled
O1735,U184,P338,2025-04-02,returned
O1736,U127,P234,2025-07-01,returned
O1737,U182,P367,2024-07-07,shipped
O1738,U181,P289,2024-09-11,returned
O1739,U176,P230,2024-12-13,cancelled
O1740,U102,P245,2024-09-14,returned
O1741,U106,P337,2025-06-15,delivered
O1742,U142,P300,2025-03-30,delivered
O1743,U131,P335,2024-08-27,cancelled
O1744,U116,P232,2025-01-20,returned
O1745,U172,P386,2024-08-22,returned
O1746,U126,P257,2025-03-10,shipped
O1747,U108,P200,2024-08-08,shipped
O1748,U197,P393,2024-09-15,delivered
O1749,U170,P205,2025-05-09,cancelled
O1750,U126,P276,2024-10-20,delivered
O1751,U175,P318,2025-04-20,cancelled
O1752,U127,P372,2025-01-13,cancelled
O1753,U129,P384,2025-05-23,cancelled
O1754,U142,P339,2025-03-02,cancelled
O1755,U199,P308,2025-01-05,returned
O1756,U118,P336,2025-01-19,cancelled
O1757,U176,P297,2025-04-07,returned
O1758,U100,P258,2024-08-10,cancelled
O1759,U135,P263,2025-05-17,returned
O1760,U118,P317,2024-07-04,returned
O1761,U116,P288,2024-07-23,delivered
O1762,U169,P239,2024-08-08,delivered
O1763,U132,P270,2025-01-11,shipped
O1764,U122,P248,2024-11-15,delivered
O1765,U114,P385,2025-06-26,delivered
O1766,U184,P395,2025-02-16,cancelled
O1767,U103,P228,2025-03-16,shipped
O1768,U116,P208,2025-02-24,delivered
O1769,U101,P369,2024-07-12,delivered
O1770,U145,P307,2025-05-28,returned
O1771,U130,P357,2025-01-03,shipped
O1772,U175,P396,2025-02-20,shipped
O1773,U141,P204,2025-05-07,shipped
O1774,U102,P261,2025-07-01,returned
O1775,U122,P252,2025-06-07,shipped
O1776,U133,P217,2024-12-16,shipped
O1777,U106,P225,2024-11-19,returned
O1778,U116,P352,2024-11-29,shipped
O1779,U194,P208,2025-04-07,shipped
O1780,U153,P314,2024-12-02,cancelled
O1781,U167,P353,2024-10-22,delivered
O1782,U114,P372,2024-12-20,shipped
O1783,U195,P380,2025-01-03,returned
O1784,U108,P212,2024-09-25,cancelled
O1785,U160,P262,2024-12-21,delivered
O1786,U157,P389,2025-05-11,delivered
O1787,U199,P211,2024-10-29,cancelled
O1788,U146,P302,2024-09-09,returned
O1789,U165,P312,2024-08-02,delivered
O1790,U175,P259,2024-07-15,delivered
O1791,U113,P338,2025-03-08,delivered
O1792,U157,P255,2025-04-09,shipped
O1793,U164,P393,2024-11-12,shipped
O1794,U128,P398,2025-05-25,cancelled
O1795,U178,P214,2025-06-14,cancelled
O1796,U105,P235,2025-02-01,returned
O1797,U193,P328,2025-06-21,returned
O1798,U184,P274,2025-01-19,cancelled
O1799,U166,P259,2025-02-18,returned
O1800,U138,P387,2025-05-09,delivered
O1801,U158,P347,2025-05-25,delivered
O1802,U182,P281,2025-01-07,returned
O1803,U103,P347,2025-04-05,returned
O1804,U107,P353,2024-12-21,cancelled
O1805,U161,P397,2025-04-10,cancelled
O1806,U151,P372,2025-05-24,returned
O1807,U154,P282,2024-09-24,delivered
O1808,U187,P260,2025-05-15,shipped
O1809,U113,P277,2025-01-09,returned
O1810,U162,P236,2024-08-31,cancelled
O1811,U191,P369,2024-08-21,cancelled
O1812,U156,P333,2024-10-27,returned
O1813,U109,P256,2024-07-06,cancelled
O1814,U110,P305,2025-06-16,delivered
O1815,U141,P276,2024-11-23,cancelled
O1816,U177,P270,2024-08-01,shipped
O1817,U118,P215,2025-04-08,shipped
O1818,U108,P342,2024-08-25,delivered
O1819,U116,P351,2024-11-21,cancelled
O1820,U135,P388,2025-04-12,cancelled
O1821,U179,P244,2025-06-04,returned
O1822,U181,P360,2025-05-11,shipped
O1823,U174,P373,2025-01-13,returned
O1824,U170,P309,2025-03-18,returned
O1825,U191,P342,2025-03-26,cancelled
O1826,U141,P326,2024-12-04,shipped
O1827,U148,P212,2024-07-10,returned
O1828,U176,P288,2024-09-21,cancelled
O1829,U167,P364,2024-09-28,delivered
O1830,U137,P371,2025-02-16,shipped
O1831,U158,P297,2024-07-28,cancelled
O1832,U164,P334,2025-02-07,delivered
O1833,U177,P281,2025-01-30,returned
O1834,U155,P378,2025-03-02,returned
O1835,U112,P306,2025-05-13,returned
O1836,U189,P304,2025-06-06,delivered
O1837,U114,P238,2024-12-12,delivered
O1838,U183,P276,2024-09-12,returned
O1839,U183,P296,2024-09-23,returned
O1840,U198,P247,2024-10-23,delivered
O1841,U170,P393,2025-04-14,cancelled
O1842,U192,P337,2025-06-04,shipped
O1843,U127,P321,2024-12-29,returned
O1844,U155,P261,2025-06-30,delivered
O1845,U157,P257,2024-11-25,cancelled
O1846,U129,P276,2025-05-18,cancelled
O1847,U152,P381,2025-02-01,cancelled
O1848,U143,P236,2024-07-28,returned
O1849,U158,P318,2024-08-15,delivered
O1850,U151,P214,2024-08-28,shipped
O1851,U153,P343,2024-10-29,delivered
O1852,U193,P305,2025-03-21,delivered
O1853,U112,P306,2025-05-13,cancelled
O1854,U140,P342,2025-06-18,shipped
O1855,U154,P335,2025-03-18,returned
O1856,U140,P234,2025-04-05,returned
O1857,U185,P299,2024-08-09,cancelled
O1858,U132,P262,2025-02-02,returned
O1859,U147,P265,2025-05-21,delivered
O1860,U119,P252,2024-11-01,cancelled
O1861,U187,P284,2025-05-03,shipped
O1862,U160,P365,2025-01-25,delivered
O1863,U108,P220,2024-12-10,shipped
O1864,U111,P315,2024-11-02,shipped
O1865,U110,P294,2024-10-24,delivered
O1866,U111,P223,2024-07-28,shipped
O1867,U155,P337,2025-02-16,cancelled
O1868,U112,P385,2025-05-16,cancelled
O1869,U195,P248,2024-08-07,delivered
O1870,U194,P213,2024-09-26,returned
O1871,U147,P268,2024-12-15,shipped
O1872,U116,P296,2025-03-29,delivered
O1873,U171,P372,2024-12-24,shipped
O1874,U107,P354,2024-12-18,delivered
O1875,U175,P354,2024-12-24,shipped
O1876,U171,P210,2025-03-28,returned
O1877,U171,P218,2024-11-15,delivered
O1878,U142,P248,2025-06-09,cancelled
O1879,U185,P394,2025-02-17,returned
O1880,U115,P350,2024-11-18,cancelled
O1881,U152,P385,2024-11-05,returned
O1882,U145,P371,2025-02-17,cancelled
O1883,U185,P343,2025-03-08,returned
O1884,U196,P255,2025-02-14,shipped
O1885,U154,P322,2024-09-16,cancelled
O1886,U192,P253,2025-05-31,shipped
O1887,U106,P285,2025-04-15,delivered
O1888,U136,P277,2024-07-10,shipped
O1889,U176,P203,2024-07-25,cancelled
O1890,U139,P254,2025-05-13,returned
O1891,U145,P248,2025-05-19,shipped
O1892,U113,P389,2024-07-24,returned
O1893,U173,P230,2025-01-06,delivered
O1894,U164,P391,2024-09-27,delivered
O1895,U127,P393,2024-12-02,cancelled
O1896,U119,P322,2024-09-03,returned
O1897,U184,P262,2025-03-07,shipped
O1898,U161,P378,2024-09-21,shipped
O1899,U128,P354,2025-05-31,delivered
O1900,U113,P380,2024-12-15,returned
O1901,U144,P252,2024-10-07,returned
O1902,U171,P301,2024-11-29,delivered
O1903,U147,P261,2024-09-30,shipped
O1904,U114,P341,2024-07-15,delivered
O1905,U197,P282,2024-10-31,returned
O1906,U135,P398,2024-09-11,shipped
O1907,U173,P272,2025-03-03,delivered
O1908,U128,P297,2024-10-31,returned
O1909,U154,P319,2025-01-29,returned
O1910,U171,P336,2025-05-22,cancelled
O1911,U198,P366,2024-12-11,cancelled
O1912,U179,P291,2025-06-14,delivered
O1913,U178,P278,2024-10-17,shipped
O1914,U186,P266,2024-09-12,shipped
O1915,U182,P292,2024-10-10,cancelled
O1916,U171,P331,2024-09-12,returned
O1917,U103,P327,2024-07-20,cancelled
O1918,U177,P319,2024-08-18,delivered
O1919,U184,P225,2025-04-17,cancelled
O1920,U188,P384,2025-05-01,shipped
O1921,U134,P320,2024-11-14,delivered
O1922,U103,P394,2025-04-04,shipped
O1923,U123,P281,2025-04-07,delivered
O1924,U134,P252,2025-03-15,returned
O1925,U189,P294,2025-03-25,cancelled
O1926,U197,P280,2025-04-28,shipped
O1927,U139,P305,2025-06-10,delivered
O1928,U143,P211,2024-11-27,cancelled
O1929,U144,P344,2025-05-22,shipped
O1930,U100,P256,2024-07-17,returned
O1931,U123,P389,2024-11-21,delivered
O1932,U118,P237,2025-03-20,shipped
O1933,U172,P204,2024-08-14,shipped
O1934,U184,P266,2025-04-17,returned
O1935,U151,P341,2024-08-31,delivered
O1936,U108,P349,2025-02-19,cancelled
O1937,U118,P348,2025-01-19,shipped
O1938,U194,P384,2025-05-28,delivered
O1939,U181,P306,2025-05-18,delivered
O1940,U103,P275,2024-12-15,returned
O1941,U111,P239,2024-09-20,shipped
O1942,U195,P250,2024-12-10,cancelled
O1943,U167,P284,2024-09-22,shipped
O1944,U127,P258,2025-01-16,shipped
O1945,U148,P297,2025-02-10,cancelled
O1946,U153,P345,2024-10-08,delivered
O1947,U158,P262,2024-11-09,shipped
O1948,U143,P327,2025-06-25,delivered
O1949,U120,P340,2024-07-08,returned
O1950,U147,P367,2024-08-16,delivered
O1951,U139,P375,2024-09-04,cancelled
O1952,U192,P286,2024-10-07,cancelled
O1953,U141,P265,2024-11-29,returned
O1954,U199,P395,2025-05-05,delivered
O1955,U172,P325,2024-12-01,shipped
O1956,U176,P385,2025-04-16,returned
O1957,U110,P364,2025-04-17,cancelled
O1958,U106,P389,2024-09-14,delivered
O1959,U119,P325,2024-09-03,cancelled
O1960,U120,P317,2024-09-06,shipped
O1961,U196,P243,2025-05-11,returned
O1962,U179,P387,2025-05-08,returned
O1963,U106,P290,2024-09-16,cancelled
O1964,U186,P243,2025-05-11,returned
O1965,U110,P235,2025-02-05,delivered
O1966,U134,P384,2024-09-30,delivered
O1967,U156,P339,2025-01-06,cancelled
O1968,U184,P325,2024-12-03,cancelled
O1969,U154,P247,2025-02-16,returned
O1970,U162,P338,2024-12-17,cancelled
O1971,U177,P364,2024-07-31,delivered
O1972,U156,P215,2024-10-26,shipped
O1973,U153,P334,2024-09-12,delivered
O1974,U134,P208,2024-08-24,returned
O1975,U127,P219,2024-11-01,cancelled
O1976,U196,P371,2025-06-12,cancelled
O1977,U165,P212,2025-04-04,cancelled
O1978,U114,P395,2025-02-10,returned
O1979,U144,P201,2024-12-07,shipped
O1980,U155,P305,2025-04-19,returned
O1981,U114,P235,2024-08-19,delivered
O1982,U136,P361,2024-08-24,shipped
O1983,U186,P259,2024-07-18,cancelled
O1984,U186,P217,2024-07-11,delivered
O1985,U175,P381,2024-12-08,cancelled
O1986,U162,P238,2025-06-12,shipped
O1987,U167,P202,2024-12-11,returned
O1988,U185,P255,2025-01-13,delivered
O1989,U139,P329,2024-07-13,returned
O1990,U105,P316,2025-03-02,delivered
O1991,U128,P295,2025-06-06,cancelled
O1992,U150,P215,2024-10-31,cancelled
O1993,U176,P358,2025-02-14,returned
O1994,U107,P363,2024-12-23,cancelled
O1995,U100,P370,2025-06-21,shipped
O1996,U126,P357,2025-01-10,shipped
O1997,U138,P323,2025-01-27,shipped
O1998,U127,P368,2025-01-23,shipped
O1999,U198,P324,2025-02-08,delivered
O2000,U117,P204,2024-10-23,delivered
O2001,U197,P201,2024-07-10,shipped
O2002,U132,P336,2024-07-16,delivered
O2003,U137,P341,2025-05-12,shipped
O2004,U141,P305,2025-03-07,returned
O2005,U115,P203,2025-04-24,delivered
O2006,U100,P204,2025-01-29,shipped
O2007,U163,P335,2024-11-17,shipped
O2008,U195,P384,2025-01-18,returned
O2009,U155,P270,2025-02-14,returned
O2010,U122,P337,2024-11-30,cancelled
O2011,U116,P273,2024-08-26,shipped
O2012,U148,P204,2024-08-05,cancelled
O2013,U168,P328,2025-05-17,delivered
O2014,U190,P378,2025-03-27,shipped
O2015,U129,P372,2024-11-17,shipped
O2016,U164,P310,2025-03-15,delivered
O2017,U171,P245,2024-12-05,returned
O2018,U185,P227,2024-10-26,shipped
O2019,U145,P224,2024-10-10,returned
O2020,U109,P334,2024-12-22,shipped
O2021,U150,P238,2025-06-03,cancelled
O2022,U194,P261,2024-10-11,returned
O2023,U105,P249,2025-04-11,cancelled
O2024,U155,P358,2025-05-29,shipped
O2025,U102,P334,2025-01-23,cancelled
O2026,U158,P264,2024-07-03,shipped
O2027,U109,P290,2024-10-15,shipped
O2028,U140,P268,2024-12-07,cancelled
O2029,U173,P301,2025-04-23,shipped
O2030,U154,P220,2024-10-06,delivered
O2031,U173,P295,2024-09-13,shipped
O2032,U151,P303,2025-06-17,shipped
O2033,U190,P317,2025-04-04,delivered
O2034,U181,P344,2025-03-25,returned
O2035,U153,P262,2025-03-21,delivered
O2036,U137,P378,2025-06-02,delivered
O2037,U114,P257,2025-02-24,delivered
O2038,U151,P276,2025-06-15,delivered
O2039,U102,P375,2024-11-10,returned
O2040,U141,P220,2025-06-06,shipped
O2041,U121,P367,2024-12-29,cancelled
O2042,U179,P366,2024-07-06,returned
O2043,U158,P394,2025-03-22,returned
O2044,U188,P208,2025-02-11,shipped
O2045,U146,P223,2024-12-25,delivered
O2046,U111,P303,2024-11-06,delivered
O2047,U155,P297,2024-10-16,returned
O2048,U113,P296,2024-12-10,cancelled
O2049,U131,P341,2024-08-10,delivered
O2050,U155,P321,2025-04-29,returned
O2051,U175,P214,2024-07-18,cancelled
O2052,U151,P363,2025-06-16,cancelled
O2053,U167,P202,2025-02-28,cancelled
O2054,U110,P379,2024-12-23,cancelled
O2055,U150,P243,2024-10-24,returned
O2056,U139,P221,2024-08-31,returned
O2057,U195,P327,2024-11-15,cancelled
O2058,U143,P311,2025-04-02,delivered
O2059,U128,P365,2024-11-01,delivered
O2060,U142,P284,2024-09-04,returned
O2061,U199,P344,2024-09-22,cancelled
O2062,U121,P224,2025-01-03,cancelled
O2063,U109,P335,2025-01-06,returned
O2064,U165,P210,2025-04-09,returned
O2065,U181,P258,2025-02-19,returned
O2066,U114,P254,2024-07-14,shipped
O2067,U167,P377,2025-05-16,shipped
O2068,U165,P345,2025-02-06,cancelled
O2069,U124,P321,2025-06-17,shipped
O2070,U199,P269,2024-12-16,delivered
O2071,U144,P211,2025-06-06,cancelled
O2072,U144,P219,2025-04-09,shipped
O2073,U193,P375,2024-09-12,cancelled
O2074,U182,P271,2025-03-14,delivered
O2075,U118,P339,2025-03-10,delivered
O2076,U130,P344,2024-08-04,cancelled
O2077,U113,P368,2025-03-08,shipped
O2078,U118,P208,2024-07-20,cancelled
O2079,U132,P245,2025-03-18,delivered
O2080,U125,P280,2025-02-14,shipped
O2081,U122,P204,2024-08-02,shipped
O2082,U177,P253,2024-12-04,returned
O2083,U119,P350,2024-10-12,cancelled
O2084,U197,P236,2025-06-21,delivered
O2085,U197,P392,2024-07-17,delivered
O2086,U183,P382,2025-06-27,cancelled
O2087,U109,P301,2024-11-01,cancelled
O2088,U122,P219,2025-04-25,delivered
O2089,U198,P276,2024-08-04,delivered
O2090,U180,P241,2025-04-04,cancelled
O2091,U163,P344,2024-08-28,cancelled
O2092,U159,P261,2025-06-27,shipped
O2093,U196,P345,2025-03-09,returned
O2094,U172,P299,2025-02-22,delivered
O2095,U197,P373,2024-08-24,shipped
O2096,U174,P338,2025-01-26,cancelled
O2097,U157,P284,2024-07-02,returned
O2098,U187,P298,2024-07-03,delivered
O2099,U172,P393,2024-08-06,returned
O2100,U182,P389,2025-02-11,shipped
O2101,U181,P235,2024-11-27,cancelled
O2102,U179,P376,2024-12-21,shipped
O2103,U141,P385,2025-01-04,returned
O2104,U180,P220,2024-11-08,shipped
O2105,U140,P328,2025-02-22,shipped
O2106,U119,P390,2025-03-12,cancelled
O2107,U156,P288,2024-11-05,cancelled
O2108,U108,P213,2025-01-28,returned
O2109,U160,P225,2024-07-20,returned
O2110,U156,P311,2024-10-08,shipped
O2111,U180,P259,2024-08-16,delivered
O2112,U138,P219,2024-12-10,shipped
O2113,U135,P287,2024-09-05,returned
O2114,U175,P354,2025-05-10,shipped
O2115,U107,P396,2025-06-28,cancelled
O2116,U145,P357,2024-10-13,shipped
O2117,U164,P352,2024-07-27,cancelled
O2118,U109,P301,2024-12-22,delivered
O2119,U139,P398,2024-09-17,cancelled
O2120,U159,P283,2024-08-04,delivered
O2121,U157,P207,2024-08-31,delivered
O2122,U104,P362,2024-08-24,shipped
O2123,U107,P269,2025-02-07,returned
O2124,U147,P315,2025-01-30,returned
O2125,U136,P325,2024-07-16,shipped
O2126,U109,P258,2025-05-07,delivered
O2127,U182,P291,2024-10-28,returned
O2128,U111,P341,2025-05-30,cancelled
O2129,U178,P296,2025-01-10,returned
O2130,U176,P310,2025-02-10,delivered
O2131,U164,P247,2024-08-08,delivered
O2132,U149,P374,2025-01-16,cancelled
O2133,U159,P349,2025-02-10,shipped
O2134,U174,P369,2025-02-18,returned
O2135,U170,P297,2024-07-31,shipped
O2136,U194,P221,2024-07-02,returned
O2137,U105,P397,2024-08-02,cancelled
O2138,U157,P358,2025-01-30,shipped
O2139,U173,P275,2025-03-27,returned
O2140,U183,P263,2025-04-16,returned
O2141,U124,P382,2024-10-10,delivered
O2142,U141,P218,2025-02-28,delivered
O2143,U177,P221,2025-06-02,returned
O2144,U160,P268,2024-08-28,delivered
O2145,U164,P239,2024-12-07,returned
O2146,U119,P297,2024-07-28,returned
O2147,U107,P382,2025-01-19,delivered
O2148,U157,P362,2024-07-18,delivered
O2149,U113,P239,2025-04-21,delivered
O2150,U143,P389,2025-06-18,shipped
O2151,U191,P299,2024-07-31,cancelled
O2152,U110,P281,2024-10-20,returned
O2153,U164,P292,2025-01-31,cancelled
O2154,U182,P227,2025-02-19,shipped
O2155,U122,P223,2024-11-29,shipped
O2156,U105,P201,2024-12-06,returned
O2157,U131,P278,2024-12-15,returned
O2158,U190,P313,2025-06-13,cancelled
O2159,U156,P292,2024-09-06,cancelled
O2160,U156,P394,2024-07-04,delivered
O2161,U167,P269,2024-09-12,cancelled
O2162,U166,P226,2025-03-26,cancelled
O2163,U178,P233,2025-01-07,shipped
O2164,U120,P222,2025-03-10,cancelled
O2165,U146,P247,2024-07-15,delivered
O2166,U147,P310,2024-10-01,cancelled
O2167,U136,P314,2024-08-09,returned
O2168,U149,P342,2024-10-31,delivered
O2169,U152,P342,2024-07-23,returned
O2170,U199,P331,2024-12-30,shipped
O2171,U143,P304,2024-10-15,delivered
O2172,U186,P226,2025-01-29,delivered
O2173,U176,P206,2025-04-05,cancelled
O2174,U106,P222,2024-07-30,delivered
O2175,U180,P290,2024-09-19,shipped
O2176,U182,P341,2025-03-31,shipped
O2177,U142,P223,2025-02-01,shipped
O2178,U108,P352,2025-05-13,delivered
O2179,U142,P353,2024-11-02,delivered
O2180,U112,P283,2025-04-27,cancelled
O2181,U171,P298,2025-02-19,shipped
O2182,U186,P203,2024-09-18,cancelled
O2183,U149,P274,2025-03-30,shipped
O2184,U136,P305,2024-07-18,cancelled
O2185,U132,P299,2025-01-11,returned
O2186,U192,P399,2024-07-31,returned
O2187,U184,P221,2025-05-17,shipped
O2188,U177,P385,2025-03-10,cancelled
O2189,U119,P343,2025-01-01,delivered
O2190,U142,P262,2025-03-09,delivered
O2191,U110,P346,2025-01-25,delivered
O2192,U174,P333,2024-11-28,cancelled
O2193,U184,P243,2025-01-13,returned
O2194,U118,P375,2024-12-23,delivered
O2195,U144,P297,2025-02-18,shipped
O2196,U139,P243,2024-09-05,returned
O2197,U183,P235,2025-02-01,shipped
O2198,U189,P268,2024-11-06,cancelled
O2199,U184,P277,2025-05-02,delivered
O2200,U150,P268,2024-11-03,shipped
O2201,U116,P326,2025-06-04,cancelled
O2202,U176,P237,2024-08-11,delivered
O2203,U190,P216,2024-09-06,cancelled
O2204,U110,P242,2024-09-07,shipped
O2205,U139,P311,2024-08-18,returned
O2206,U171,P270,2025-05-26,shipped
O2207,U148,P307,2024-11-02,shipped
O2208,U182,P276,2025-03-24,returned
O2209,U142,P323,2024-10-18,cancelled
O2210,U116,P219,2025-05-01,cancelled
O2211,U185,P292,2024-07-18,shipped
O2212,U189,P264,2024-12-18,shipped
O2213,U194,P263,2024-10-03,cancelled
O2214,U187,P384,2025-01-30,returned
O2215,U167,P360,2024-12-02,delivered
O2216,U111,P326,2025-06-04,returned
O2217,U182,P352,2025-04-15,shipped
O2218,U185,P357,2025-04-22,cancelled
O2219,U154,P250,2025-03-21,returned
O2220,U165,P317,2025-01-07,shipped
O2221,U146,P227,2024-12-04,delivered
O2222,U102,P234,2024-09-13,delivered
O2223,U146,P277,2024-11-09,returned
O2224,U139,P201,2025-04-19,shipped
O2225,U123,P301,2025-01-21,shipped
O2226,U127,P285,2025-03-31,delivered
O2227,U143,P358,2025-05-21,cancelled
O2228,U198,P297,2024-10-25,cancelled
O2229,U162,P284,2025-01-12,returned
O2230,U124,P312,2024-08-12,returned
O2231,U128,P285,2025-04-02,delivered
O2232,U117,P310,2025-01-22,shipped
O2233,U119,P366,2024-08-11,cancelled
O2234,U109,P352,2025-06-02,cancelled
O2235,U137,P234,2025-06-29,cancelled
O2236,U112,P276,2024-11-12,cancelled
O2237,U164,P282,2025-02-11,delivered
O2238,U198,P354,2025-03-16,cancelled
O2239,U169,P377,2025-04-06,shipped
O2240,U194,P251,2024-09-09,cancelled
O2241,U167,P322,2025-04-11,returned
O2242,U104,P280,2024-10-24,shipped
O2243,U184,P245,2025-05-17,cancelled
O2244,U143,P301,2025-04-26,delivered
O2245,U198,P281,2024-08-21,delivered
O2246,U179,P274,2024-11-21,cancelled
O2247,U116,P388,2024-08-11,returned
O2248,U176,P377,2024-11-24,delivered
O2249,U148,P362,2024-12-07,shipped
O2250,U119,P325,2024-11-24,returned
O2251,U120,P347,2024-10-30,delivered
O2252,U123,P262,2024-12-17,returned
O2253,U188,P283,2025-06-29,delivered
O2254,U198,P296,2025-06-12,delivered
O2255,U179,P271,2024-10-01,returned
O2256,U121,P300,2025-03-21,cancelled
O2257,U192,P293,2024-12-22,cancelled
O2258,U156,P229,2025-06-24,returned
O2259,U105,P344,2025-01-18,delivered
O2260,U152,P251,2024-10-03,delivered
O2261,U146,P351,2025-03-26,delivered
O2262,U186,P339,2025-06-22,delivered
O2263,U192,P246,2024-07-20,delivered
O2264,U130,P374,2025-06-29,cancelled
O2265,U156,P396,2024-08-15,delivered
O2266,U178,P340,2025-02-24,returned
O2267,U136,P206,2025-03-08,delivered
O2268,U196,P386,2024-07-11,delivered
O2269,U195,P318,2025-01-06,cancelled
O2270,U157,P381,2025-01-23,shipped
O2271,U129,P253,2025-04-26,shipped
O2272,U168,P312,2025-05-10,delivered
O2273,U130,P274,2024-12-17,cancelled
O2274,U139,P377,2024-10-17,delivered
O2275,U160,P217,2024-09-03,shipped
O2276,U124,P304,2025-01-26,cancelled
O2277,U147,P372,2025-04-07,returned
O2278,U186,P327,2025-05-29,returned
O2279,U173,P235,2025-06-08,cancelled
O2280,U156,P362,2025-01-30,returned
O2281,U159,P277,2025-02-03,cancelled
O2282,U198,P261,2024-11-10,delivered
O2283,U136,P264,2024-10-08,delivered
O2284,U199,P368,2024-08-30,shipped
O2285,U148,P239,2024-10-06,delivered
O2286,U164,P383,2025-01-10,delivered
O2287,U167,P308,2024-11-21,shipped
O2288,U153,P296,2024-07-15,cancelled
O2289,U120,P218,2025-04-24,delivered
O2290,U125,P314,2025-01-07,delivered
O2291,U177,P353,2024-10-24,delivered
O2292,U117,P322,2024-12-30,shipped
O2293,U132,P349,2025-03-27,cancelled
O2294,U106,P302,2025-04-08,shipped
O2295,U182,P336,2024-12-07,returned
O2296,U161,P329,2025-06-22,delivered
O2297,U147,P377,2025-03-07,returned
O2298,U170,P307,2025-03-09,cancelled
O2299,U113,P339,2025-04-25,delivered
O2300,U191,P209,2025-03-15,returned
O2301,U166,P292,2025-06-20,returned
O2302,U115,P379,2024-09-03,returned
O2303,U136,P337,2024-10-16,delivered
O2304,U110,P352,2025-04-06,delivered
O2305,U197,P363,2025-04-29,delivered
O2306,U120,P221,2024-12-26,delivered
O2307,U134,P227,2024-07-02,shipped
O2308,U157,P396,2024-08-02,returned
O2309,U165,P263,2025-06-12,shipped
O2310,U118,P368,2024-12-21,cancelled
O2311,U155,P370,2024-08-08,returned
O2312,U111,P290,2025-02-21,delivered
O2313,U128,P242,2024-10-01,delivered
O2314,U157,P365,2024-08-16,delivered
O2315,U144,P356,2025-06-07,shipped
O2316,U103,P211,2024-08-31,delivered
O2317,U153,P344,2025-06-07,returned
O2318,U106,P365,2024-07-28,returned
O2319,U150,P373,2025-05-07,cancelled
O2320,U164,P365,2024-08-01,returned
O2321,U147,P302,2025-06-21,delivered
O2322,U130,P392,2025-06-07,returned
O2323,U149,P284,2024-07-13,returned
O2324,U110,P310,2025-05-03,shipped
O2325,U147,P227,2024-11-30,returned
O2326,U128,P202,2024-11-16,cancelled
O2327,U103,P225,2024-12-19,returned
O2328,U140,P266,2025-04-29,shipped
O2329,U112,P256,2024-09-24,shipped
O2330,U191,P330,2025-02-22,returned
O2331,U183,P391,2024-11-01,returned
O2332,U142,P332,2024-07-07,shipped
O2333,U118,P342,2025-04-14,delivered
O2334,U117,P348,2025-03-18,returned
O2335,U104,P376,2024-07-11,shipped
O2336,U136,P347,2024-07-15,returned
O2337,U160,P256,2024-08-13,shipped
O2338,U189,P314,2025-06-27,delivered
O2339,U117,P295,2025-01-28,cancelled
O2340,U197,P300,2024-11-28,returned
O2341,U190,P318,2024-07-28,returned
O2342,U160,P397,2025-05-11,cancelled
O2343,U157,P373,2024-07-27,cancelled
O2344,U178,P350,2024-10-08,returned
O2345,U100,P376,2025-02-13,delivered
O2346,U110,P328,2024-08-17,returned
O2347,U102,P238,2024-08-25,cancelled
O2348,U132,P288,2024-07-08,shipped
O2349,U127,P206,2025-04-22,delivered
O2350,U119,P323,2024-11-29,returned
O2351,U170,P226,2025-05-09,returned
O2352,U193,P275,2024-10-13,shipped
O2353,U177,P306,2024-08-19,shipped
O2354,U167,P221,2025-05-02,delivered
O2355,U154,P229,2025-02-07,delivered
O2356,U114,P386,2025-05-04,returned
O2357,U199,P236,2025-05-08,returned
O2358,U136,P289,2024-10-20,cancelled
O2359,U130,P279,2025-03-22,returned
O2360,U138,P287,2024-08-24,shipped
O2361,U115,P316,2025-03-21,delivered
O2362,U106,P252,2025-02-17,returned
O2363,U130,P333,2024-10-07,delivered
O2364,U153,P323,2025-03-20,returned
O2365,U181,P289,2024-12-30,shipped
O2366,U179,P321,2024-07-06,cancelled
O2367,U158,P224,2024-12-04,cancelled
O2368,U108,P312,2025-01-31,delivered
O2369,U114,P384,2025-04-10,shipped
O2370,U163,P378,2025-06-11,shipped
O2371,U176,P315,2024-09-24,shipped
O2372,U168,P281,2024-10-20,returned
O2373,U102,P217,2025-03-17,cancelled
O2374,U180,P276,2024-07-14,shipped
O2375,U165,P211,2024-10-28,returned
O2376,U173,P381,2025-01-13,delivered
O2377,U130,P229,2025-03-03,returned
O2378,U191,P205,2025-06-30,returned
O2379,U118,P287,2025-06-25,shipped
O2380,U137,P365,2024-07-23,delivered
O2381,U154,P227,2025-05-17,cancelled
O2382,U100,P373,2025-05-06,delivered
O2383,U178,P242,2024-09-11,delivered
O2384,U145,P389,2024-07-24,delivered
O2385,U130,P262,2024-10-22,delivered
O2386,U173,P332,2025-04-16,shipped
O2387,U153,P244,2025-05-16,returned
O2388,U123,P341,2024-10-13,cancelled
O2389,U185,P240,2025-05-24,cancelled
O2390,U185,P284,2025-05-11,returned
O2391,U110,P343,2025-02-20,cancelled
O2392,U167,P309,2024-08-06,delivered
O2393,U146,P318,2025-03-05,shipped
O2394,U108,P259,2024-11-10,delivered
O2395,U167,P303,2025-01-31,delivered
O2396,U169,P361,2025-02-16,shipped
O2397,U164,P247,2024-11-06,cancelled
O2398,U164,P247,2025-06-06,shipped
O2399,U170,P363,2025-05-11,returned
O2400,U102,P368,2025-04-03,returned
O2401,U149,P310,2025-06-11,returned
O2402,U160,P301,2025-02-03,shipped
O2403,U105,P207,2024-12-29,returned
O2404,U181,P388,2024-07-20,delivered
O2405,U149,P357,2025-01-22,delivered
O2406,U147,P250,2024-11-25,returned
O2407,U132,P315,2025-05-03,returned
O2408,U195,P351,2025-05-14,returned
O2409,U102,P309,2025-06-08,returned
O2410,U145,P299,2025-06-27,shipped
O2411,U108,P201,2025-04-22,shipped
O2412,U144,P380,2024-07-27,delivered
O2413,U130,P254,2024-08-04,cancelled
O2414,U193,P252,2025-04-05,delivered
O2415,U184,P271,2025-01-14,shipped
O2416,U180,P392,2024-12-30,delivered
O2417,U113,P380,2024-11-19,delivered
O2418,U198,P216,2024-08-17,shipped
O2419,U174,P347,2025-02-14,cancelled
O2420,U194,P226,2025-05-15,shipped
O2421,U196,P337,2024-12-23,delivered
O2422,U142,P247,2025-01-07,shipped
O2423,U117,P293,2025-03-30,cancelled
O2424,U105,P283,2025-05-04,cancelled
O2425,U145,P250,2024-12-08,shipped
O2426,U169,P317,2024-12-09,shipped
O2427,U143,P229,2024-11-10,shipped
O2428,U182,P267,2025-02-12,returned
O2429,U122,P371,2024-12-16,delivered
O2430,U199,P325,2024-07-13,delivered
O2431,U187,P335,2024-10-30,cancelled
O2432,U159,P363,2024-11-28,delivered
O2433,U189,P280,2024-08-03,returned
O2434,U161,P352,2025-04-07,cancelled
O2435,U180,P299,2025-05-05,shipped
O2436,U123,P356,2025-04-25,shipped
O2437,U117,P300,2024-07-10,cancelled
O2438,U108,P350,2025-06-01,cancelled
O2439,U191,P229,2025-04-11,cancelled
O2440,U199,P289,2025-05-09,returned
O2441,U158,P290,2024-11-30,shipped
O2442,U104,P317,2024-09-02,returned
O2443,U137,P358,2024-10-27,shipped
O2444,U125,P244,2024-09-13,cancelled
O2445,U105,P372,2024-07-19,returned
O2446,U125,P380,2024-11-19,delivered
O2447,U105,P276,2025-03-31,shipped
O2448,U140,P357,2024-08-23,cancelled
O2449,U139,P351,2024-12-19,cancelled
O2450,U165,P221,2024-12-30,returned
O2451,U150,P372,2024-08-22,delivered
O2452,U169,P234,2025-06-17,delivered
O2453,U160,P280,2024-07-16,shipped
O2454,U132,P230,2025-04-26,shipped
O2455,U104,P261,2024-10-27,shipped
O2456,U196,P278,2024-10-25,returned
O2457,U182,P229,2025-05-05,cancelled
O2458,U124,P246,2024-12-03,returned
O2459,U136,P295,2024-11-18,cancelled
O2460,U145,P377,2025-06-08,cancelled
O2461,U199,P236,2025-05-30,cancelled
O2462,U106,P330,2025-02-18,delivered
O2463,U183,P299,2024-07-31,returned
O2464,U142,P307,2025-01-22,returned
O2465,U134,P352,2025-06-25,returned
O2466,U115,P235,2024-07-06,delivered
O2467,U147,P347,2024-07-19,delivered
O2468,U155,P298,2024-10-06,cancelled
O2469,U151,P308,2024-09-09,delivered
O2470,U195,P247,2024-09-15,shipped
O2471,U156,P324,2025-03-09,shipped
O2472,U149,P362,2024-07-24,shipped
O2473,U143,P337,2025-01-09,returned
O2474,U123,P377,2024-10-09,shipped
O2475,U163,P365,2024-10-07,delivered
O2476,U188,P244,2024-07-14,returned
O2477,U163,P342,2024-07-08,returned
O2478,U147,P242,2024-08-19,shipped
O2479,U166,P325,2025-05-14,cancelled
O2480,U134,P273,2024-11-22,cancelled
O2481,U110,P235,2024-07-28,delivered
O2482,U193,P247,2025-02-24,shipped
O2483,U154,P280,2024-10-28,delivered
O2484,U110,P315,2025-01-05,cancelled
O2485,U155,P358,2024-07-27,cancelled
O2486,U177,P213,2024-07-20,shipped
O2487,U123,P291,2024-08-07,cancelled
O2488,U169,P202,2024-12-16,cancelled
O2489,U137,P324,2025-04-16,cancelled
O2490,U141,P234,2024-09-19,shipped
O2491,U113,P249,2024-08-22,shipped
O2492,U110,P298,2025-06-04,cancelled
O2493,U141,P343,2025-06-26,cancelled
O2494,U184,P329,2024-08-06,returned
O2495,U137,P367,2025-04-12,shipped
O2496,U139,P326,2024-10-16,delivered
O2497,U157,P304,2024-11-03,delivered
O2498,U177,P375,2024-10-21,cancelled
O2499,U191,P325,2025-04-08,cancelled
