order_item_id,order_id,product_id,quantity,unit_price
ITEM10000,ORD10089,PROD1009,2,302.52
ITEM10001,ORD10056,PROD1057,5,309.54
ITEM10002,ORD10013,PROD1022,4,297.63
ITEM10003,ORD10067,PROD1091,1,180.48
ITEM10004,ORD10007,PROD1056,5,424.3
ITEM10005,ORD10183,PROD1011,4,312.51
ITEM10006,ORD10121,PROD1087,1,408.73
ITEM10007,ORD10165,PROD1040,4,355.93
ITEM10008,ORD10008,PROD1085,2,155.75
ITEM10009,ORD10089,PROD1044,5,311.1
ITEM10010,ORD10135,PROD1090,4,51.53
ITEM10011,ORD10026,PROD1008,4,75.63
ITEM10012,ORD10064,PROD1070,5,67.75
ITEM10013,ORD10215,PROD1069,1,159.64
ITEM10014,ORD10269,PROD1037,5,99.69
ITEM10015,ORD10058,PROD1038,4,349.78
ITEM10016,ORD10032,PROD1020,3,260.3
ITEM10017,ORD10243,PROD1091,1,214.94
ITEM10018,ORD10229,PROD1090,4,77.55
ITEM10019,ORD10185,PROD1089,3,198.02
ITEM10020,ORD10262,PROD1081,1,101.02
ITEM10021,ORD10055,PROD1022,2,321.4
ITEM10022,ORD10231,PROD1046,5,349.78
ITEM10023,ORD10257,PROD1065,1,326.18
ITEM10024,ORD10113,PROD1028,1,499.95
ITEM10025,ORD10022,PROD1015,4,281.91
ITEM10026,ORD10266,PROD1025,3,249.92
ITEM10027,ORD10154,PROD1017,1,78.75
ITEM10028,ORD10234,PROD1030,5,164.14
ITEM10029,ORD10015,PROD1063,1,230.99
ITEM10030,ORD10031,PROD1003,1,36.27
ITEM10031,ORD10245,PROD1046,4,185.93
ITEM10032,ORD10205,PROD1070,1,14.7
ITEM10033,ORD10218,PROD1073,3,76.9
ITEM10034,ORD10055,PROD1047,4,409.46
ITEM10035,ORD10251,PROD1059,2,482.28
ITEM10036,ORD10227,PROD1070,2,257.66
ITEM10037,ORD10037,PROD1016,4,252.54
ITEM10038,ORD10041,PROD1078,3,345.5
ITEM10039,ORD10164,PROD1011,4,213.66
ITEM10040,ORD10075,PROD1008,4,421.55
ITEM10041,ORD10033,PROD1039,4,249.46
ITEM10042,ORD10064,PROD1050,4,50.51
ITEM10043,ORD10140,PROD1091,1,25.12
ITEM10044,ORD10299,PROD1092,5,382.92
ITEM10045,ORD10280,PROD1061,2,153.12
ITEM10046,ORD10166,PROD1067,3,144.68
ITEM10047,ORD10195,PROD1052,1,273.43
ITEM10048,ORD10271,PROD1098,2,92.42
ITEM10049,ORD10150,PROD1052,5,234.09
ITEM10050,ORD10232,PROD1073,4,373.83
ITEM10051,ORD10258,PROD1009,5,385.3
ITEM10052,ORD10220,PROD1016,2,279.37
ITEM10053,ORD10050,PROD1040,2,65.47
ITEM10054,ORD10058,PROD1082,1,65.96
ITEM10055,ORD10282,PROD1009,1,389.81
ITEM10056,ORD10110,PROD1057,3,413.41
ITEM10057,ORD10220,PROD1059,4,189.76
ITEM10058,ORD10231,PROD1087,5,413.08
ITEM10059,ORD10116,PROD1066,4,30.39
ITEM10060,ORD10211,PROD1044,5,362.3
ITEM10061,ORD10173,PROD1016,4,277.71
ITEM10062,ORD10232,PROD1099,2,494.99
ITEM10063,ORD10204,PROD1070,2,60.18
ITEM10064,ORD10212,PROD1081,4,416.73
ITEM10065,ORD10048,PROD1075,3,378.16
ITEM10066,ORD10160,PROD1023,2,155.88
ITEM10067,ORD10218,PROD1098,3,499.66
ITEM10068,ORD10160,PROD1016,2,230.37
ITEM10069,ORD10130,PROD1055,1,180.8
ITEM10070,ORD10191,PROD1064,1,410.2
ITEM10071,ORD10078,PROD1007,4,225.14
ITEM10072,ORD10242,PROD1015,5,497.04
ITEM10073,ORD10034,PROD1066,1,390.06
ITEM10074,ORD10046,PROD1019,2,126.1
ITEM10075,ORD10043,PROD1038,2,407.24
ITEM10076,ORD10047,PROD1021,1,298.08
ITEM10077,ORD10221,PROD1020,1,181.81
ITEM10078,ORD10049,PROD1041,5,358.27
ITEM10079,ORD10190,PROD1090,1,320.06
ITEM10080,ORD10066,PROD1028,4,91.33
ITEM10081,ORD10284,PROD1044,5,78.23
ITEM10082,ORD10030,PROD1066,1,111.24
ITEM10083,ORD10287,PROD1036,2,111.4
ITEM10084,ORD10287,PROD1010,1,39.09
ITEM10085,ORD10168,PROD1032,4,181.9
ITEM10086,ORD10062,PROD1025,4,147.73
ITEM10087,ORD10210,PROD1081,2,274.0
ITEM10088,ORD10181,PROD1070,5,168.59
ITEM10089,ORD10216,PROD1035,2,354.99
ITEM10090,ORD10026,PROD1016,1,151.77
ITEM10091,ORD10147,PROD1080,2,141.0
ITEM10092,ORD10159,PROD1038,5,430.43
ITEM10093,ORD10180,PROD1078,3,492.89
ITEM10094,ORD10053,PROD1068,2,342.86
ITEM10095,ORD10295,PROD1011,5,56.66
ITEM10096,ORD10259,PROD1064,3,481.76
ITEM10097,ORD10108,PROD1082,5,394.99
ITEM10098,ORD10079,PROD1021,5,460.2
ITEM10099,ORD10246,PROD1075,3,496.32
ITEM10100,ORD10114,PROD1074,2,434.85
ITEM10101,ORD10055,PROD1019,3,72.18
ITEM10102,ORD10179,PROD1021,2,434.38
ITEM10103,ORD10284,PROD1084,5,132.34
ITEM10104,ORD10188,PROD1079,2,358.58
ITEM10105,ORD10058,PROD1092,4,415.96
ITEM10106,ORD10142,PROD1077,3,383.12
ITEM10107,ORD10293,PROD1043,3,341.35
ITEM10108,ORD10115,PROD1072,1,249.83
ITEM10109,ORD10219,PROD1005,5,292.94
ITEM10110,ORD10287,PROD1003,5,141.67
ITEM10111,ORD10285,PROD1010,2,212.97
ITEM10112,ORD10013,PROD1005,4,231.48
ITEM10113,ORD10136,PROD1082,5,320.48
ITEM10114,ORD10014,PROD1098,4,441.26
ITEM10115,ORD10092,PROD1073,1,55.62
ITEM10116,ORD10139,PROD1033,3,262.65
ITEM10117,ORD10158,PROD1083,4,146.33
ITEM10118,ORD10173,PROD1026,5,468.8
ITEM10119,ORD10179,PROD1098,3,190.84
ITEM10120,ORD10003,PROD1073,4,475.62
ITEM10121,ORD10092,PROD1053,4,170.37
ITEM10122,ORD10073,PROD1079,2,11.21
ITEM10123,ORD10289,PROD1081,3,389.33
ITEM10124,ORD10205,PROD1003,4,369.03
ITEM10125,ORD10035,PROD1063,2,368.16
ITEM10126,ORD10072,PROD1080,5,234.64
ITEM10127,ORD10015,PROD1069,4,335.43
ITEM10128,ORD10046,PROD1037,2,185.53
ITEM10129,ORD10271,PROD1082,2,41.03
ITEM10130,ORD10110,PROD1038,3,271.87
ITEM10131,ORD10192,PROD1061,2,116.74
ITEM10132,ORD10214,PROD1031,4,220.53
ITEM10133,ORD10232,PROD1087,1,113.81
ITEM10134,ORD10174,PROD1051,5,141.58
ITEM10135,ORD10080,PROD1038,4,415.89
ITEM10136,ORD10189,PROD1058,4,175.5
ITEM10137,ORD10159,PROD1009,5,293.19
ITEM10138,ORD10166,PROD1088,5,287.41
ITEM10139,ORD10290,PROD1007,2,247.82
ITEM10140,ORD10043,PROD1020,4,178.43
ITEM10141,ORD10026,PROD1056,2,344.45
ITEM10142,ORD10079,PROD1053,3,33.72
ITEM10143,ORD10080,PROD1061,2,58.79
ITEM10144,ORD10025,PROD1059,3,394.11
ITEM10145,ORD10041,PROD1026,1,235.2
ITEM10146,ORD10139,PROD1043,4,70.88
ITEM10147,ORD10226,PROD1077,3,430.25
ITEM10148,ORD10217,PROD1018,1,226.23
ITEM10149,ORD10248,PROD1040,5,10.33
ITEM10150,ORD10226,PROD1091,2,479.44
ITEM10151,ORD10212,PROD1040,1,109.14
ITEM10152,ORD10139,PROD1093,3,347.41
ITEM10153,ORD10110,PROD1044,4,74.64
ITEM10154,ORD10262,PROD1051,5,328.5
ITEM10155,ORD10058,PROD1016,5,87.9
ITEM10156,ORD10176,PROD1097,1,467.04
ITEM10157,ORD10220,PROD1047,1,144.27
ITEM10158,ORD10056,PROD1065,2,330.75
ITEM10159,ORD10145,PROD1071,5,132.69
ITEM10160,ORD10249,PROD1013,5,192.2
ITEM10161,ORD10269,PROD1040,2,452.86
ITEM10162,ORD10157,PROD1030,4,91.11
ITEM10163,ORD10023,PROD1059,2,204.21
ITEM10164,ORD10112,PROD1015,3,159.7
ITEM10165,ORD10202,PROD1034,3,352.73
ITEM10166,ORD10028,PROD1057,1,124.73
ITEM10167,ORD10003,PROD1031,2,331.19
ITEM10168,ORD10104,PROD1018,2,354.81
ITEM10169,ORD10154,PROD1012,1,10.53
ITEM10170,ORD10108,PROD1006,4,243.64
ITEM10171,ORD10070,PROD1037,2,75.02
ITEM10172,ORD10130,PROD1049,5,120.83
ITEM10173,ORD10148,PROD1078,2,343.19
ITEM10174,ORD10167,PROD1053,4,14.55
ITEM10175,ORD10061,PROD1031,2,350.84
ITEM10176,ORD10003,PROD1020,5,410.38
ITEM10177,ORD10254,PROD1041,3,494.2
ITEM10178,ORD10220,PROD1073,3,216.93
ITEM10179,ORD10089,PROD1092,4,74.77
ITEM10180,ORD10066,PROD1040,4,44.71
ITEM10181,ORD10194,PROD1024,5,197.7
ITEM10182,ORD10272,PROD1097,3,368.07
ITEM10183,ORD10117,PROD1020,3,60.19
ITEM10184,ORD10256,PROD1063,3,163.54
ITEM10185,ORD10286,PROD1065,3,441.68
ITEM10186,ORD10181,PROD1059,5,77.19
ITEM10187,ORD10036,PROD1063,4,389.0
ITEM10188,ORD10203,PROD1039,4,379.05
ITEM10189,ORD10021,PROD1063,1,75.24
ITEM10190,ORD10223,PROD1002,4,496.54
ITEM10191,ORD10009,PROD1011,3,80.0
ITEM10192,ORD10235,PROD1050,2,269.95
ITEM10193,ORD10039,PROD1064,3,14.15
ITEM10194,ORD10160,PROD1058,3,328.51
ITEM10195,ORD10294,PROD1030,4,225.65
ITEM10196,ORD10219,PROD1027,1,363.99
ITEM10197,ORD10293,PROD1074,5,317.76
ITEM10198,ORD10207,PROD1045,2,84.17
ITEM10199,ORD10213,PROD1006,2,211.74
ITEM10200,ORD10148,PROD1006,1,346.42
ITEM10201,ORD10058,PROD1036,3,431.38
ITEM10202,ORD10207,PROD1063,5,52.48
ITEM10203,ORD10010,PROD1076,5,59.23
ITEM10204,ORD10166,PROD1083,5,378.7
ITEM10205,ORD10087,PROD1086,4,298.89
ITEM10206,ORD10235,PROD1060,3,198.18
ITEM10207,ORD10185,PROD1036,2,481.99
ITEM10208,ORD10045,PROD1068,2,164.11
ITEM10209,ORD10223,PROD1001,3,78.52
ITEM10210,ORD10054,PROD1013,2,145.71
ITEM10211,ORD10124,PROD1055,4,51.28
ITEM10212,ORD10223,PROD1017,5,281.16
ITEM10213,ORD10205,PROD1033,2,304.0
ITEM10214,ORD10268,PROD1093,4,307.72
ITEM10215,ORD10040,PROD1046,5,391.7
ITEM10216,ORD10202,PROD1097,3,348.33
ITEM10217,ORD10158,PROD1051,3,425.47
ITEM10218,ORD10173,PROD1046,4,332.62
ITEM10219,ORD10113,PROD1005,4,157.81
ITEM10220,ORD10170,PROD1051,4,263.7
ITEM10221,ORD10086,PROD1006,2,259.67
ITEM10222,ORD10039,PROD1072,3,376.44
ITEM10223,ORD10261,PROD1071,2,154.82
ITEM10224,ORD10058,PROD1024,2,36.74
ITEM10225,ORD10271,PROD1046,5,449.98
ITEM10226,ORD10261,PROD1070,4,477.79
ITEM10227,ORD10099,PROD1036,2,252.49
ITEM10228,ORD10178,PROD1009,5,65.24
ITEM10229,ORD10179,PROD1049,1,254.8
ITEM10230,ORD10075,PROD1064,5,301.03
ITEM10231,ORD10120,PROD1057,1,268.86
ITEM10232,ORD10052,PROD1097,1,489.07
ITEM10233,ORD10074,PROD1070,1,493.57
ITEM10234,ORD10131,PROD1035,1,467.62
ITEM10235,ORD10101,PROD1079,4,74.67
ITEM10236,ORD10088,PROD1087,2,431.8
ITEM10237,ORD10078,PROD1078,2,288.51
ITEM10238,ORD10038,PROD1015,1,189.05
ITEM10239,ORD10090,PROD1016,2,344.64
ITEM10240,ORD10252,PROD1012,1,383.74
ITEM10241,ORD10237,PROD1050,2,477.68
ITEM10242,ORD10288,PROD1047,5,387.48
ITEM10243,ORD10296,PROD1043,4,18.18
ITEM10244,ORD10229,PROD1071,3,43.09
ITEM10245,ORD10289,PROD1046,1,138.47
ITEM10246,ORD10165,PROD1096,5,29.52
ITEM10247,ORD10161,PROD1018,5,39.63
ITEM10248,ORD10077,PROD1025,4,396.75
ITEM10249,ORD10225,PROD1077,4,258.24
ITEM10250,ORD10034,PROD1065,1,318.0
ITEM10251,ORD10240,PROD1051,1,255.51
ITEM10252,ORD10226,PROD1064,5,213.56
ITEM10253,ORD10155,PROD1005,5,353.89
ITEM10254,ORD10140,PROD1005,4,50.39
ITEM10255,ORD10028,PROD1004,1,272.92
ITEM10256,ORD10180,PROD1017,1,311.86
ITEM10257,ORD10259,PROD1091,5,145.96
ITEM10258,ORD10037,PROD1042,3,161.85
ITEM10259,ORD10158,PROD1060,5,260.54
ITEM10260,ORD10236,PROD1066,3,109.57
ITEM10261,ORD10231,PROD1058,1,405.95
ITEM10262,ORD10019,PROD1019,5,272.83
ITEM10263,ORD10029,PROD1077,4,201.46
ITEM10264,ORD10188,PROD1065,2,320.8
ITEM10265,ORD10146,PROD1017,1,418.92
ITEM10266,ORD10039,PROD1041,1,343.72
ITEM10267,ORD10046,PROD1078,5,42.4
ITEM10268,ORD10259,PROD1040,2,352.35
ITEM10269,ORD10196,PROD1020,2,367.68
ITEM10270,ORD10236,PROD1050,2,424.77
ITEM10271,ORD10297,PROD1078,5,38.37
ITEM10272,ORD10283,PROD1094,5,52.24
ITEM10273,ORD10021,PROD1038,3,222.9
ITEM10274,ORD10230,PROD1075,3,232.15
ITEM10275,ORD10292,PROD1043,3,308.33
ITEM10276,ORD10096,PROD1064,4,161.55
ITEM10277,ORD10164,PROD1065,1,373.43
ITEM10278,ORD10243,PROD1068,3,372.92
ITEM10279,ORD10256,PROD1062,4,68.53
ITEM10280,ORD10077,PROD1090,4,356.87
ITEM10281,ORD10031,PROD1072,5,353.73
ITEM10282,ORD10230,PROD1038,2,90.28
ITEM10283,ORD10052,PROD1060,2,476.98
ITEM10284,ORD10175,PROD1002,3,266.27
ITEM10285,ORD10043,PROD1047,1,393.66
ITEM10286,ORD10258,PROD1042,1,363.18
ITEM10287,ORD10088,PROD1086,1,91.81
ITEM10288,ORD10020,PROD1014,4,72.2
ITEM10289,ORD10126,PROD1053,4,392.75
ITEM10290,ORD10224,PROD1074,4,141.69
ITEM10291,ORD10224,PROD1039,5,444.34
ITEM10292,ORD10268,PROD1092,4,388.0
ITEM10293,ORD10267,PROD1088,1,24.38
ITEM10294,ORD10081,PROD1080,1,405.48
ITEM10295,ORD10186,PROD1003,2,143.27
ITEM10296,ORD10190,PROD1076,1,41.3
ITEM10297,ORD10144,PROD1060,4,359.04
ITEM10298,ORD10198,PROD1033,4,292.56
ITEM10299,ORD10209,PROD1083,3,47.76
ITEM10300,ORD10173,PROD1099,5,233.05
ITEM10301,ORD10026,PROD1074,1,186.46
ITEM10302,ORD10171,PROD1073,5,254.81
ITEM10303,ORD10033,PROD1029,1,287.77
ITEM10304,ORD10168,PROD1092,2,190.17
ITEM10305,ORD10048,PROD1006,2,135.01
ITEM10306,ORD10285,PROD1074,5,60.42
ITEM10307,ORD10197,PROD1061,4,291.22
ITEM10308,ORD10145,PROD1021,3,364.16
ITEM10309,ORD10129,PROD1067,1,121.92
ITEM10310,ORD10076,PROD1080,1,259.32
ITEM10311,ORD10170,PROD1092,3,31.58
ITEM10312,ORD10041,PROD1079,5,432.83
ITEM10313,ORD10298,PROD1099,5,129.83
ITEM10314,ORD10072,PROD1048,1,241.16
ITEM10315,ORD10179,PROD1018,2,197.66
ITEM10316,ORD10158,PROD1087,3,83.54
ITEM10317,ORD10200,PROD1031,1,466.27
ITEM10318,ORD10066,PROD1004,2,430.17
ITEM10319,ORD10043,PROD1073,5,280.9
ITEM10320,ORD10158,PROD1089,2,457.83
ITEM10321,ORD10286,PROD1014,4,372.93
ITEM10322,ORD10192,PROD1024,1,215.49
ITEM10323,ORD10168,PROD1002,3,167.68
ITEM10324,ORD10065,PROD1056,2,213.97
ITEM10325,ORD10269,PROD1040,5,362.94
ITEM10326,ORD10047,PROD1053,2,142.92
ITEM10327,ORD10216,PROD1019,5,48.16
ITEM10328,ORD10260,PROD1052,4,192.68
ITEM10329,ORD10185,PROD1088,5,256.0
ITEM10330,ORD10009,PROD1026,3,451.95
ITEM10331,ORD10185,PROD1052,4,97.88
ITEM10332,ORD10158,PROD1064,2,404.13
ITEM10333,ORD10092,PROD1099,1,490.89
ITEM10334,ORD10109,PROD1078,5,477.5
ITEM10335,ORD10174,PROD1060,3,43.77
ITEM10336,ORD10248,PROD1094,1,237.9
ITEM10337,ORD10098,PROD1093,1,148.33
ITEM10338,ORD10115,PROD1007,4,423.97
ITEM10339,ORD10070,PROD1090,2,170.38
ITEM10340,ORD10079,PROD1017,1,281.01
ITEM10341,ORD10039,PROD1066,3,13.9
ITEM10342,ORD10151,PROD1026,5,108.33
ITEM10343,ORD10051,PROD1071,5,286.27
ITEM10344,ORD10259,PROD1041,5,158.92
ITEM10345,ORD10276,PROD1084,4,315.13
ITEM10346,ORD10269,PROD1061,3,237.32
ITEM10347,ORD10019,PROD1067,1,299.93
ITEM10348,ORD10172,PROD1048,3,251.75
ITEM10349,ORD10067,PROD1040,4,388.58
ITEM10350,ORD10192,PROD1022,4,105.76
ITEM10351,ORD10078,PROD1058,2,451.22
ITEM10352,ORD10083,PROD1068,3,382.64
ITEM10353,ORD10092,PROD1043,5,130.11
ITEM10354,ORD10084,PROD1069,4,13.13
ITEM10355,ORD10224,PROD1045,4,210.92
ITEM10356,ORD10022,PROD1086,2,124.17
ITEM10357,ORD10210,PROD1098,5,179.75
ITEM10358,ORD10186,PROD1092,4,421.39
ITEM10359,ORD10121,PROD1087,1,439.83
ITEM10360,ORD10227,PROD1082,5,475.99
ITEM10361,ORD10145,PROD1088,3,10.72
ITEM10362,ORD10229,PROD1033,2,332.08
ITEM10363,ORD10119,PROD1078,1,426.01
ITEM10364,ORD10273,PROD1061,1,366.34
ITEM10365,ORD10122,PROD1024,3,60.94
ITEM10366,ORD10158,PROD1031,2,269.61
ITEM10367,ORD10240,PROD1035,4,126.7
ITEM10368,ORD10099,PROD1071,2,251.09
ITEM10369,ORD10188,PROD1038,4,39.35
ITEM10370,ORD10292,PROD1028,3,498.51
ITEM10371,ORD10225,PROD1038,3,358.71
ITEM10372,ORD10236,PROD1098,1,55.58
ITEM10373,ORD10144,PROD1036,1,461.42
ITEM10374,ORD10195,PROD1090,1,449.67
ITEM10375,ORD10257,PROD1026,3,264.68
ITEM10376,ORD10270,PROD1088,4,353.41
ITEM10377,ORD10214,PROD1090,3,192.52
ITEM10378,ORD10082,PROD1062,3,487.53
ITEM10379,ORD10102,PROD1040,1,51.6
ITEM10380,ORD10070,PROD1061,2,56.83
ITEM10381,ORD10128,PROD1044,1,75.42
ITEM10382,ORD10026,PROD1071,2,411.78
ITEM10383,ORD10246,PROD1092,4,46.67
ITEM10384,ORD10190,PROD1035,4,288.23
ITEM10385,ORD10283,PROD1036,5,223.14
ITEM10386,ORD10052,PROD1015,5,482.47
ITEM10387,ORD10264,PROD1073,5,126.02
ITEM10388,ORD10063,PROD1086,4,137.89
ITEM10389,ORD10145,PROD1069,1,164.35
ITEM10390,ORD10042,PROD1048,1,402.4
ITEM10391,ORD10082,PROD1050,1,353.36
ITEM10392,ORD10139,PROD1044,3,370.32
ITEM10393,ORD10230,PROD1098,5,165.85
ITEM10394,ORD10262,PROD1018,1,143.26
ITEM10395,ORD10075,PROD1037,5,46.6
ITEM10396,ORD10223,PROD1005,5,109.33
ITEM10397,ORD10046,PROD1036,3,392.17
ITEM10398,ORD10113,PROD1091,4,296.51
ITEM10399,ORD10230,PROD1010,1,86.15
ITEM10400,ORD10178,PROD1044,3,90.54
ITEM10401,ORD10013,PROD1056,4,238.37
ITEM10402,ORD10212,PROD1083,4,209.19
ITEM10403,ORD10027,PROD1032,1,272.6
ITEM10404,ORD10202,PROD1095,5,482.67
ITEM10405,ORD10257,PROD1061,2,111.74
ITEM10406,ORD10191,PROD1027,5,161.07
ITEM10407,ORD10120,PROD1025,5,139.85
ITEM10408,ORD10197,PROD1068,2,68.76
ITEM10409,ORD10041,PROD1034,4,87.23
ITEM10410,ORD10191,PROD1071,2,346.17
ITEM10411,ORD10114,PROD1089,2,414.93
ITEM10412,ORD10014,PROD1034,3,351.47
ITEM10413,ORD10163,PROD1017,3,29.76
ITEM10414,ORD10050,PROD1013,3,419.6
ITEM10415,ORD10171,PROD1078,4,170.62
ITEM10416,ORD10074,PROD1094,2,54.69
ITEM10417,ORD10070,PROD1075,1,131.63
ITEM10418,ORD10019,PROD1030,2,184.31
ITEM10419,ORD10146,PROD1031,4,261.6
ITEM10420,ORD10241,PROD1006,3,341.82
ITEM10421,ORD10071,PROD1085,4,137.48
ITEM10422,ORD10240,PROD1067,3,495.43
ITEM10423,ORD10229,PROD1028,4,25.23
ITEM10424,ORD10002,PROD1081,1,208.15
ITEM10425,ORD10040,PROD1029,3,231.58
ITEM10426,ORD10009,PROD1006,3,376.56
ITEM10427,ORD10131,PROD1012,2,132.43
ITEM10428,ORD10110,PROD1052,4,236.4
ITEM10429,ORD10076,PROD1042,5,403.91
ITEM10430,ORD10280,PROD1091,5,78.5
ITEM10431,ORD10270,PROD1060,2,15.86
ITEM10432,ORD10216,PROD1012,4,416.88
ITEM10433,ORD10056,PROD1087,1,491.46
ITEM10434,ORD10147,PROD1098,2,74.05
ITEM10435,ORD10121,PROD1017,3,413.6
ITEM10436,ORD10154,PROD1000,1,192.4
ITEM10437,ORD10062,PROD1070,4,318.85
ITEM10438,ORD10024,PROD1020,3,325.9
ITEM10439,ORD10122,PROD1052,5,295.34
ITEM10440,ORD10214,PROD1083,4,136.82
ITEM10441,ORD10234,PROD1060,3,408.25
ITEM10442,ORD10032,PROD1061,4,20.68
ITEM10443,ORD10056,PROD1083,3,41.59
ITEM10444,ORD10255,PROD1025,4,452.22
ITEM10445,ORD10274,PROD1096,5,227.28
ITEM10446,ORD10008,PROD1036,2,73.11
ITEM10447,ORD10263,PROD1041,3,453.49
ITEM10448,ORD10294,PROD1036,3,416.38
ITEM10449,ORD10123,PROD1082,5,172.46
ITEM10450,ORD10073,PROD1007,2,30.92
ITEM10451,ORD10149,PROD1098,4,235.89
ITEM10452,ORD10219,PROD1011,3,92.31
ITEM10453,ORD10000,PROD1083,2,291.2
ITEM10454,ORD10180,PROD1073,4,412.63
ITEM10455,ORD10123,PROD1029,3,203.55
ITEM10456,ORD10292,PROD1068,3,24.45
ITEM10457,ORD10213,PROD1094,4,344.77
ITEM10458,ORD10095,PROD1092,5,94.68
ITEM10459,ORD10043,PROD1004,2,115.21
ITEM10460,ORD10268,PROD1022,3,101.7
ITEM10461,ORD10184,PROD1053,4,147.13
ITEM10462,ORD10034,PROD1022,3,442.88
ITEM10463,ORD10269,PROD1004,4,26.98
ITEM10464,ORD10278,PROD1050,3,313.4
ITEM10465,ORD10259,PROD1063,1,130.43
ITEM10466,ORD10259,PROD1023,5,154.6
ITEM10467,ORD10283,PROD1095,2,211.88
ITEM10468,ORD10010,PROD1037,5,279.84
ITEM10469,ORD10199,PROD1004,5,39.88
ITEM10470,ORD10240,PROD1001,2,147.09
ITEM10471,ORD10022,PROD1038,5,77.25
ITEM10472,ORD10198,PROD1072,1,107.73
ITEM10473,ORD10191,PROD1077,4,443.48
ITEM10474,ORD10129,PROD1013,2,267.65
ITEM10475,ORD10008,PROD1042,4,319.07
ITEM10476,ORD10182,PROD1036,3,403.06
ITEM10477,ORD10034,PROD1058,1,399.47
ITEM10478,ORD10176,PROD1082,4,494.81
ITEM10479,ORD10123,PROD1069,4,393.14
ITEM10480,ORD10053,PROD1067,2,185.96
ITEM10481,ORD10297,PROD1063,3,276.81
ITEM10482,ORD10170,PROD1017,2,247.49
ITEM10483,ORD10068,PROD1064,3,457.21
ITEM10484,ORD10022,PROD1059,2,256.17
ITEM10485,ORD10180,PROD1034,4,200.31
ITEM10486,ORD10279,PROD1024,4,98.11
ITEM10487,ORD10173,PROD1014,1,166.25
ITEM10488,ORD10089,PROD1042,4,117.32
ITEM10489,ORD10237,PROD1020,5,448.92
ITEM10490,ORD10245,PROD1093,4,391.48
ITEM10491,ORD10093,PROD1058,5,38.71
ITEM10492,ORD10069,PROD1082,4,495.85
ITEM10493,ORD10032,PROD1032,5,269.42
ITEM10494,ORD10234,PROD1091,5,385.75
ITEM10495,ORD10018,PROD1023,4,499.81
ITEM10496,ORD10150,PROD1001,5,487.25
ITEM10497,ORD10103,PROD1094,1,59.07
ITEM10498,ORD10022,PROD1043,3,331.86
ITEM10499,ORD10102,PROD1037,5,140.6
ITEM10500,ORD10021,PROD1072,5,409.98
ITEM10501,ORD10161,PROD1086,1,459.46
ITEM10502,ORD10158,PROD1096,1,37.4
ITEM10503,ORD10263,PROD1024,2,498.23
ITEM10504,ORD10203,PROD1022,3,117.51
ITEM10505,ORD10278,PROD1078,2,424.79
ITEM10506,ORD10242,PROD1081,5,400.72
ITEM10507,ORD10129,PROD1051,1,183.85
ITEM10508,ORD10018,PROD1054,5,421.22
ITEM10509,ORD10097,PROD1065,4,424.16
ITEM10510,ORD10146,PROD1041,3,96.29
ITEM10511,ORD10182,PROD1011,4,300.33
ITEM10512,ORD10024,PROD1051,1,405.04
ITEM10513,ORD10169,PROD1085,1,351.84
ITEM10514,ORD10139,PROD1012,1,457.85
ITEM10515,ORD10063,PROD1023,3,23.82
ITEM10516,ORD10188,PROD1017,2,353.27
ITEM10517,ORD10223,PROD1061,5,474.3
ITEM10518,ORD10204,PROD1041,5,286.17
ITEM10519,ORD10225,PROD1031,5,285.92
ITEM10520,ORD10197,PROD1000,5,102.23
ITEM10521,ORD10173,PROD1033,5,494.12
ITEM10522,ORD10095,PROD1049,2,442.0
ITEM10523,ORD10254,PROD1030,4,251.19
ITEM10524,ORD10254,PROD1057,3,161.44
ITEM10525,ORD10188,PROD1096,4,250.31
ITEM10526,ORD10265,PROD1034,4,54.23
ITEM10527,ORD10136,PROD1042,5,123.99
ITEM10528,ORD10042,PROD1038,5,117.22
ITEM10529,ORD10217,PROD1074,2,267.96
ITEM10530,ORD10040,PROD1092,3,10.33
ITEM10531,ORD10220,PROD1073,1,459.77
ITEM10532,ORD10092,PROD1001,4,108.72
ITEM10533,ORD10279,PROD1033,1,73.94
ITEM10534,ORD10150,PROD1083,3,361.3
ITEM10535,ORD10164,PROD1046,4,460.2
ITEM10536,ORD10052,PROD1088,1,423.7
ITEM10537,ORD10040,PROD1030,1,168.56
ITEM10538,ORD10167,PROD1007,2,20.74
ITEM10539,ORD10151,PROD1085,3,297.44
ITEM10540,ORD10156,PROD1015,3,459.44
ITEM10541,ORD10228,PROD1059,3,389.44
ITEM10542,ORD10218,PROD1039,4,424.78
ITEM10543,ORD10085,PROD1020,2,431.73
ITEM10544,ORD10227,PROD1051,5,480.67
ITEM10545,ORD10179,PROD1087,4,193.06
ITEM10546,ORD10228,PROD1064,3,471.54
ITEM10547,ORD10021,PROD1090,4,203.84
ITEM10548,ORD10180,PROD1098,1,59.51
ITEM10549,ORD10222,PROD1039,4,157.86
ITEM10550,ORD10140,PROD1088,4,76.86
ITEM10551,ORD10029,PROD1015,3,87.18
ITEM10552,ORD10038,PROD1081,1,474.86
ITEM10553,ORD10207,PROD1037,3,398.0
ITEM10554,ORD10186,PROD1047,1,480.72
ITEM10555,ORD10262,PROD1078,1,328.1
ITEM10556,ORD10081,PROD1028,1,95.36
ITEM10557,ORD10015,PROD1028,3,484.68
ITEM10558,ORD10073,PROD1017,1,349.84
ITEM10559,ORD10224,PROD1061,2,465.13
ITEM10560,ORD10017,PROD1019,2,395.63
ITEM10561,ORD10064,PROD1058,5,119.39
ITEM10562,ORD10034,PROD1095,2,298.59
ITEM10563,ORD10120,PROD1077,5,95.92
ITEM10564,ORD10187,PROD1047,2,160.34
ITEM10565,ORD10185,PROD1053,3,347.36
ITEM10566,ORD10196,PROD1089,5,72.4
ITEM10567,ORD10290,PROD1070,4,367.13
ITEM10568,ORD10016,PROD1060,4,474.91
ITEM10569,ORD10078,PROD1096,2,474.86
ITEM10570,ORD10230,PROD1068,4,201.88
ITEM10571,ORD10189,PROD1085,2,497.2
ITEM10572,ORD10190,PROD1027,2,482.94
ITEM10573,ORD10227,PROD1097,4,25.87
ITEM10574,ORD10039,PROD1031,4,305.17
ITEM10575,ORD10293,PROD1087,1,461.31
ITEM10576,ORD10070,PROD1096,5,484.09
ITEM10577,ORD10271,PROD1076,2,118.24
ITEM10578,ORD10187,PROD1010,4,287.12
ITEM10579,ORD10203,PROD1067,5,468.98
ITEM10580,ORD10160,PROD1057,4,78.92
ITEM10581,ORD10142,PROD1067,4,375.22
ITEM10582,ORD10127,PROD1090,1,126.62
ITEM10583,ORD10058,PROD1046,2,491.37
ITEM10584,ORD10013,PROD1009,2,92.26
ITEM10585,ORD10095,PROD1072,3,443.81
ITEM10586,ORD10255,PROD1014,1,53.48
ITEM10587,ORD10265,PROD1007,5,357.39
ITEM10588,ORD10198,PROD1070,1,323.16
ITEM10589,ORD10287,PROD1064,5,444.46
ITEM10590,ORD10060,PROD1025,2,228.85
ITEM10591,ORD10134,PROD1073,3,139.95
ITEM10592,ORD10133,PROD1068,3,132.28
ITEM10593,ORD10228,PROD1019,2,43.22
ITEM10594,ORD10109,PROD1021,4,135.76
ITEM10595,ORD10146,PROD1041,1,62.94
ITEM10596,ORD10251,PROD1066,3,10.63
ITEM10597,ORD10102,PROD1056,4,199.11
ITEM10598,ORD10062,PROD1014,5,368.97
ITEM10599,ORD10069,PROD1087,3,484.86
